actor/login,payload/issue/title,payload/issue/user/site_admin,payload/issue/created_at
laizhifei,tomcat 8.0.39,False,2016-12-31T12:04:34Z
Shadowlight213,Sentient EDs can smash down doors,False,2016-12-31T09:55:20Z
dt-bot,[chrome] Fixed type of Port disconnect listener,False,2017-01-01T00:10:02Z
Shadowlight213,Remove birdstation,False,2016-12-19T02:12:27Z
reporobot,Test,False,2017-01-01T00:10:28Z
k8s-merge-robot,ci-kubernetes-e2e-gci-gke-autoscaling: broken test run,False,2016-12-02T23:21:26Z
Daylien,Builtin official python support,False,2016-12-31T21:52:15Z
alexcrichton,rustbuild: save the save analysis,False,2016-12-31T06:32:44Z
bors,rustbuild: save the save analysis,False,2016-12-31T06:32:44Z
alexcrichton,rustbuild: save the save analysis,False,2016-12-31T06:32:44Z
bors,Gate on distcheck on Travis,False,2016-12-30T17:42:05Z
bors,rustbuild: save the save analysis,False,2016-12-31T06:32:44Z
patrickhlauke,v4: Remove tab-focus mixin,True,2016-12-31T20:28:17Z
dvc94ch,vendored dependendencies are incomplete in the beta and nightly tarballs,False,2016-12-29T21:13:30Z
k8s-merge-robot,ci-kubernetes-e2e-gce-1.4-1.5-upgrade-cluster: broken test run,False,2016-12-09T21:47:51Z
k8s-merge-robot,ci-kubernetes-e2e-gci-gce-reboot-release-1.5: broken test run,False,2016-12-02T19:25:23Z
k8s-merge-robot,ci-kubernetes-e2e-gke-serial: broken test run,False,2016-12-02T08:48:30Z
alexcrichton,Update Readme Instructions for 32-bit MinGW Builds,False,2016-12-31T16:57:26Z
alexcrichton,change of libcompiler_builtins/lib.rs code doesn't retrigger a full rebuild anymore,False,2016-12-31T16:57:43Z
lukaszkaiser,Loading Multiple models into the same session of tensorflow,False,2016-07-11T12:02:43Z
k8s-merge-robot,ci-kubernetes-e2e-gci-gke-reboot-release-1.5: broken test run,False,2016-12-02T09:27:58Z
k8s-merge-robot,ci-kubernetes-e2e-gke-gci-1.4-container_vm-1.5-upgrade-master: broken test run,False,2016-12-09T11:51:24Z
gatorsmile,[SPARK-19028] [SQL] Fixed non-thread-safe functions used in SessionCatalog,False,2016-12-29T18:29:07Z
mention-bot,update dpdk and related packages,False,2017-01-01T00:47:10Z
mdo,"Tooltip is ""Sticky"" when clicking on nav-links",False,2016-12-31T18:07:49Z
alexcrichton,UpperHex/LowerHex trait should be implemented for &[u8],False,2016-04-21T10:43:22Z
alexcrichton,"Allow rebuilding just stage1 libcore, libstd, etc",False,2016-04-20T16:28:00Z
alexcrichton,Can we get a decorate-sort-undecorate sorting in the standard libaries?,False,2016-04-20T09:54:30Z
quicksnap,Facebook Engineers - Thank You For 2016,False,2016-12-31T02:02:27Z
alexcrichton,Add UI testing to compiler test suite,False,2016-04-15T18:22:54Z
alexcrichton,"Android/ARM: opt-level = 3 produces ""LLVM ERROR: Constant Island pass failed to converge"" on GNU/Linux",False,2016-04-15T08:47:13Z
lenovouser,Update rt2800usb.c,False,2016-12-30T02:17:35Z
alexcrichton,`rustup toolchain list` should indicate the default toolchain,False,2016-04-06T23:56:26Z
vicb,@Direct(selector: 'input[type=date]') can't be inited,False,2016-12-31T18:41:43Z
jkotas,Type forwarding for ValueTuple to CoreCLR,False,2016-12-31T09:41:49Z
vicb,"""Live Example"" at URL https://angular.io/resources/live-examples/toh-6/ts/eplnkr.html not working in Firefox 50.1.0",False,2016-12-31T16:28:40Z
alexcrichton,"Duration overflows when created with Duration::new(u64::MAX, u32::MAX)",False,2016-03-05T22:50:49Z
filipesilva,"In Angular-Cli WebPack scripts, i want to reordered the bundled scripts",False,2016-12-27T00:09:49Z
filipesilva,Include the web-animations-polyfill plugin when creating a new project,False,2016-12-14T07:25:00Z
bardiharborow,Update copyright years to 2017,False,2016-12-31T15:24:03Z
SparkQA,[SPARK-18871][SQL] New test cases for IN/NOT IN subquery,False,2016-12-19T07:00:01Z
YurySolovyov,Optimize child_process IPC for large data,False,2016-12-31T16:58:36Z
andrewklau,RFE: Pass openshift requester to result PV,False,2016-12-17T00:11:34Z
k8s-merge-robot,ci-kubernetes-e2e-gke-gci-1.4-gci-1.5-upgrade-cluster: broken test run,False,2016-12-09T11:51:26Z
rust-highfive,travis: Start uploading artifacts on commits,False,2017-01-01T01:44:53Z
ilovezfs,osquery: vendor boost 1.62.0 and depend on openssl,False,2016-12-29T10:46:15Z
k8s-merge-robot,ci-kubernetes-e2e-gci-gke-reboot-release-1.5: broken test run,False,2016-12-02T09:27:58Z
gaearon,[Question] hostParent vs rootNodeID,False,2016-12-31T20:20:06Z
k8s-merge-robot,avoid repeated length calculation and some other code improvements,False,2016-12-13T09:45:17Z
k8s-merge-robot,ci-kubernetes-e2e-gci-gce-reboot-release-1.5: broken test run,False,2016-12-02T19:25:23Z
k8s-merge-robot,ci-kubernetes-e2e-gke-reboot-release-1.5: broken test run,False,2016-12-02T06:14:51Z
IamManchanda,Is Bootstrap V4 going to provide different & configurable Grid Gutter sizes?,False,2016-12-20T07:49:20Z
targos,url: make WHATWG URL implementation more spec compliant,False,2016-12-17T13:23:01Z
targos,url: fix URL query update if searchParams changes,False,2016-12-28T09:17:30Z
k8s-merge-robot,ci-kubernetes-e2e-gke-container_vm-1.3-gci-1.5-upgrade-cluster: broken test run,False,2016-12-09T11:49:59Z
sarkiroka,npm@4 is still too slow ,False,2016-12-31T22:09:12Z
odeke-em,"cmd/compile: Manually calling init should provide a better error message, currently says ""undefined: init""",False,2014-08-06T07:54:26Z
gibfahn,tools: update ESLint to current version,False,2017-01-01T06:03:06Z
yuvalbo,Bean validation does not use defined message-soure,False,2016-12-24T16:48:38Z
gopherbot,"cmd/compile: Manually calling init should provide a better error message, currently says ""undefined: init""",False,2014-08-06T07:54:26Z
gibfahn,url: fix URL query update if searchParams changes,False,2016-12-28T09:17:30Z
petrochenkov,"error message regression: ""no resolution found""",False,2017-01-01T02:57:19Z
jfenal,Add redhat_repositories to manage subscription-manager repos,False,2016-12-28T17:51:52Z
facebook-github-bot,Pass event obj to the method,False,2017-01-01T10:26:17Z
Mervill,[Meta][Map],False,2017-01-01T05:18:35Z
0x7CFE,Panic when compiling dft library v0.5.3,False,2017-01-01T10:01:37Z
pftbest,calling convention for MSP430 interrupts,False,2016-12-19T04:51:37Z
k8s-merge-robot,ci-kubernetes-e2e-gke-container_vm-1.3-container_vm-1.5-upgrade-master: broken test run,False,2016-12-29T05:23:35Z
k8s-merge-robot,ci-kubernetes-e2e-gke-serial: broken test run,False,2016-12-02T08:48:30Z
wKoza,Browser Memory isn't released when destroying components,False,2016-12-30T20:18:30Z
ls-amine,unregister_netdevice: waiting for lo to become free. Usage count = 3,False,2014-05-06T03:48:01Z
optimumtact,Papier-Mch Robe spelt wrong,False,2016-12-31T07:23:57Z
Mervill,Papier-Mch Robe spelt wrong,False,2016-12-31T07:23:57Z
Shadowlight213,Wrenching an emitter down doesn't change its state var,False,2017-01-01T07:34:35Z
patrickhlauke,v4: Rip out IE compatibility mode meta tags,True,2016-12-31T09:17:41Z
GuilhemN,[Yaml] parse omitted inlined mapping values as null,False,2017-01-01T10:38:09Z
Mervill,"You can buy raw TC and then redeem them infinitely, which is still logged for end round",False,2017-01-01T03:21:49Z
vcunat,nixos-17.03 (unstable): ${package}/etc does not appear in /etc,False,2016-12-31T22:17:15Z
LnL7,libc++3.7: fix to use with clang 3.9,False,2016-12-31T03:15:00Z
k8s-reviewable,[Federation] Create configmap for the cluster kube-dns when cluster joins and remove when it unjoins,False,2017-01-01T10:59:32Z
MikeMcQuaid,LLVM@3*: import from homebrew/versions,True,2016-12-05T09:33:04Z
the-kenny,wiki: Rust,False,2016-02-21T18:28:15Z
ilovezfs,Speex 1.2,False,2017-01-01T10:12:57Z
mattcolman,Facebook Engineers - Thank You For 2016,False,2016-12-31T02:02:27Z
mbohlool,Copy workqueue to client-go,False,2016-10-12T03:54:01Z
k8s-merge-robot,[Federation] Create configmap for the cluster kube-dns when cluster joins and remove when it unjoins,False,2017-01-01T10:59:32Z
abbradar,buildFHSUserEnv: Create a setuid wrapper,False,2016-12-24T05:13:06Z
reporobot,add thebigsnake,False,2017-01-01T11:10:08Z
davecheney,'go test -coverpkg=./... -race' on the empty package fails on travis CI.,False,2017-01-01T11:02:54Z
k8s-merge-robot,ci-kubernetes-e2e-gci-gce-reboot-release-1.5: broken test run,False,2016-12-02T19:25:23Z
Shadowlight213,"You can buy raw TC and then redeem them infinitely, which is still logged for end round",False,2017-01-01T03:21:49Z
Shadowlight213,"You can buy raw TC and then redeem them infinitely, which is still logged for end round",False,2017-01-01T03:21:49Z
stargater,tour: translators must update their tools repo and re-deploy,False,2016-05-15T17:08:20Z
Youmoo,Facebook Engineers - Thank You For 2016,False,2016-12-31T02:02:27Z
AmithMendis,ng serve fails at 15% building,False,2016-12-27T03:54:50Z
vwvww,Can't click buttons on gmail login page,False,2016-12-30T00:49:35Z
bsiegert,x/build/builders: move NetBSD builders to GCE,False,2014-09-03T23:19:06Z
k8s-merge-robot,ci-kubernetes-e2e-gke-container_vm-1.3-gci-1.5-upgrade-master: broken test run,False,2016-12-09T11:47:20Z
k8s-merge-robot,ci-kubernetes-e2e-gke-gci-1.3-container_vm-1.5-upgrade-master: broken test run,False,2016-12-09T11:49:44Z
AdoHe,list option in kubectl label/annotate,False,2016-01-19T10:29:00Z
FranciscoGileno,Facebook Engineers - Thank You For 2016,False,2016-12-31T02:02:27Z
bors,Improve naming style in rustllvm.,False,2016-12-31T18:39:50Z
spacekitteh,buildFHSUserEnv: Create a setuid wrapper,False,2016-12-24T05:13:06Z
bors,Ref suggestion,False,2016-11-08T21:58:39Z
rsethur,Error in einsum with unspecified dimensions,False,2016-12-18T12:13:13Z
bors,[WIP] rustbuild: Build jemalloc and libbacktrace only once,False,2016-12-23T23:02:23Z
cylim,Facebook Engineers - Thank You For 2016,False,2016-12-31T02:02:27Z
tg-x,mpd: listen on 127.0.0.1 by default,False,2016-12-29T20:42:39Z
jjanssen,Facebook Engineers - Thank You For 2016,False,2016-12-31T02:02:27Z
rafayepes,Facebook Engineers - Thank You For 2016,False,2016-12-31T02:02:27Z
SparkQA,[Minor][Doc] Minor doc change for YARN credential providers,False,2016-12-31T14:19:43Z
joachifm,buildFHSUserEnv: Create a setuid wrapper,False,2016-12-24T05:13:06Z
k8s-merge-robot,ci-kubernetes-e2e-gci-gke-autoscaling: broken test run,False,2016-12-02T23:21:26Z
k8s-merge-robot,ci-kubernetes-e2e-gke-reboot-release-1.5: broken test run,False,2016-12-02T06:14:51Z
joachifm,buildFHSUserEnv: Create a setuid wrapper,False,2016-12-24T05:13:06Z
MikeMcQuaid,mps-youtube: fix (Add youtube_dl as resource),False,2017-01-01T12:04:58Z
abonander,Tracking issue for RFC 1566: Procedural macros,False,2016-12-13T23:24:51Z
k8s-merge-robot,ci-kubernetes-e2e-gke-container_vm-1.3-container_vm-1.5-upgrade-cluster-new: broken test run,False,2016-12-22T21:34:53Z
k8s-merge-robot,ci-kubernetes-e2e-gci-gke-serial: broken test run,False,2016-12-04T05:37:18Z
k8s-merge-robot,ci-kubernetes-e2e-gke-gci-1.3-container_vm-1.5-upgrade-cluster: broken test run,False,2016-12-09T11:47:07Z
ilovezfs,ant 1.10.0,False,2017-01-01T12:22:55Z
nijikon,Speex 1.2,False,2017-01-01T10:12:57Z
joachifm,pommed service: Replace broken pommed package with pommed-light,False,2016-12-18T20:00:02Z
joachifm,libiconv: Correct cross-building,False,2016-04-27T09:58:46Z
hustfxj,[SPARK-19042] Remove query string from jar url for executor,False,2016-12-31T13:02:34Z
stof,Incompatible with php-pthreads?,False,2016-12-25T11:08:51Z
k8s-merge-robot,ci-kubernetes-e2e-gci-gke-pre-release: broken test run,False,2016-12-02T22:22:21Z
k8s-merge-robot,ci-kubernetes-e2e-gke-gci-1.3-gci-1.5-upgrade-master: broken test run,False,2016-12-09T11:51:17Z
AmplabJenkins,[Minor][Doc] Minor doc change for YARN credential providers,False,2016-12-31T14:19:43Z
rh389,Corrected misplaced closing parenthesis,False,2016-12-31T14:01:49Z
shiywang,"Reduce some empty line && code, add some TODO comments",False,2016-12-30T08:20:22Z
AmplabJenkins,[SPARK-18959] the new leader will  lost the statistics of the driver's resource on the worker.,False,2017-01-01T12:33:41Z
Haroenv,Iphone Safari Auto-zooms on Input selection,False,2012-02-22T08:40:51Z
k8s-merge-robot,ci-kubernetes-e2e-gci-gke-reboot: broken test run,False,2016-12-02T06:19:48Z
hnrch02,Basic HTML includes with simple javascript library for bootstrap 4 ,False,2017-01-01T06:54:03Z
highfive,Fixes #14787: Set Origin header in http_network_or_cache_fetch,False,2017-01-01T12:44:31Z
highfive,Fixes #14787: Set Origin header in http_network_or_cache_fetch,False,2017-01-01T12:44:31Z
stof,[RFC] Making services private by default in Symfony 4?,False,2016-09-24T19:13:14Z
hnrch02,Are you accepting CSS3 Transitions Tickets ?,False,2017-01-01T09:15:26Z
hnrch02,Iphone Safari Auto-zooms on Input selection,False,2012-02-22T08:40:51Z
facebook-github-bot,RCTConverter: Add type casting to enum conversion macros.,False,2017-01-01T12:48:39Z
jughu,Lizards who have become zombies speak like zombies but no longer hiss,False,2017-01-01T12:42:47Z
aleksandrs-ledovskis,mps-youtube: fix (Add youtube_dl as resource),False,2017-01-01T12:04:58Z
stof,[RFC] Define services via annotations,False,2016-12-30T09:11:09Z
Mervill,Lizards who have become zombies speak like zombies but no longer hiss,False,2017-01-01T12:42:47Z
IamManchanda,Are you accepting CSS3 Transitions Tickets ?,False,2017-01-01T09:15:26Z
GuilhemN,[RFC] Define services via annotations,False,2016-12-30T09:11:09Z
subfuzion,Unclear error messages creating Swarm service with image from local library,False,2016-12-07T09:30:49Z
jessereitsma,[Vue 2.0] [Vuex] Cannot create property mergeHook on string 'beforeCreate' ,False,2016-12-23T13:13:34Z
stof,[RFC] Simple form mapping via data objects,False,2016-12-18T11:20:28Z
hnrch02,Dropdown: jQuery throws with empty ID selector,False,2016-12-12T20:46:45Z
yifeif,1% -> 5% in comment,False,2017-01-01T04:15:45Z
IamManchanda,Basic HTML includes with simple javascript library for bootstrap 4 ,False,2017-01-01T06:54:03Z
k8s-merge-robot,ci-kubernetes-e2e-gci-gce-reboot-release-1.5: broken test run,False,2016-12-02T19:25:23Z
jjallaire,New `citeproc` agrument in YAML header. Resolves #831.,False,2016-12-27T16:02:22Z
optimumtact,clickcode + silicons = paper plane folding ???,False,2016-12-28T04:49:57Z
k8s-merge-robot,ci-kubernetes-soak-gce-1.5-test: broken test run,False,2016-12-03T07:33:42Z
xabbuh,[Yaml] parse omitted inlined mapping values as null,False,2017-01-01T10:38:09Z
resouer,Add unit test function to test DeletePod,False,2016-12-27T06:07:51Z
k8s-merge-robot,"kubectl: Add --curl option to ""kubectl proxy""",False,2016-09-20T08:31:37Z
hnrch02,Basic HTML includes with simple javascript library for bootstrap 4 ,False,2017-01-01T06:54:03Z
coiax,Disallows swarmers from deconstructing soil plots.,False,2016-12-31T22:15:16Z
aleksandrs-ledovskis,mps-youtube: fix (Add youtube_dl as resource),False,2017-01-01T12:04:58Z
k8s-ci-robot,Add unit test function to test DeletePod,False,2016-12-27T06:07:51Z
IamManchanda,Basic HTML includes with simple javascript library for bootstrap 4 ,False,2017-01-01T06:54:03Z
svenvNL,Intellisense filters,False,2016-12-15T20:58:34Z
hnrch02,"Javascript: Smooth Page Scrolling - Add a ""smooth-scroll"" class ",False,2017-01-01T11:14:53Z
k8s-merge-robot,ci-kubernetes-e2e-gke-container_vm-1.4-container_vm-1.5-upgrade-master: broken test run,False,2016-12-09T11:50:04Z
hnrch02,Are you accepting CSS3 Transitions Tickets ?,False,2017-01-01T09:15:26Z
iltar,[RFC] Simple form mapping via data objects,False,2016-12-18T11:20:28Z
dano0b,"""module_stdout"": ""/usr/bin/python: not found\r\n",False,2017-01-01T08:28:40Z
volth,nixos-17.03 (unstable): ${package}/etc does not appear in /etc,False,2016-12-31T22:17:15Z
k8s-merge-robot,ci-kubernetes-e2e-gci-gce-reboot-release-1.5: broken test run,False,2016-12-02T19:25:23Z
IamManchanda,"Javascript: Smooth Page Scrolling - Add a ""smooth-scroll"" class ",False,2017-01-01T11:14:53Z
wzhfy,[SPARK-18998] [SQL] Add a cbo conf to switch between default statistics and estimated statistics,False,2016-12-26T06:20:30Z
Firecage,Disallows swarmers from deconstructing soil plots.,False,2016-12-31T22:15:16Z
hnrch02,Update more copyright years to 2017,False,2017-01-01T05:34:36Z
Firecage,Indestructible floors now cannot be chasmed by a collapsing tendril.,False,2016-12-29T20:42:49Z
hnrch02,"Javascript: Smooth Page Scrolling - Add a ""smooth-scroll"" class ",False,2017-01-01T11:14:53Z
k8s-merge-robot,ci-kubernetes-e2e-gce-1.4-1.5-upgrade-cluster: broken test run,False,2016-12-09T21:47:51Z
k8s-merge-robot,ci-kubernetes-soak-gce-test: broken test run,False,2016-12-03T00:39:41Z
Dolavs,View Doesn't render if it was a out of screen on Android,False,2016-10-19T12:35:49Z
vtolstov,ng g component in folder where currently residing creates component in root,False,2016-12-15T07:46:13Z
IamManchanda,"Javascript: Smooth Page Scrolling - Add a ""smooth-scroll"" class ",False,2017-01-01T11:14:53Z
hnrch02,Move node-sass to npm script and drop Ruby Sass.,False,2017-01-01T03:00:03Z
andreafalzetti,Facebook Engineers - Thank You For 2016,False,2016-12-31T02:02:27Z
vikiev,"""module_stdout"": ""/usr/bin/python: not found\r\n",False,2017-01-01T08:28:40Z
k8s-merge-robot,ci-kubernetes-e2e-gci-gke-reboot: broken test run,False,2016-12-02T06:19:48Z
e-user,sssd: init at 1.14.2,False,2016-12-14T16:39:15Z
noammor,Error in einsum with unspecified dimensions,False,2016-12-18T12:13:13Z
bnymn,Icon request: icon-google-hangout,False,2014-08-01T09:55:08Z
SparkQA,[SPARK-18998] [SQL] Add a cbo conf to switch between default statistics and estimated statistics,False,2016-12-26T06:20:30Z
srowen,[SPARK-19042] Remove query string from jar url for executor,False,2016-12-31T13:02:34Z
mattn,net/http/cgi: support Python etc non-executable scripts on Windows,False,2016-12-23T07:54:24Z
ilovezfs,osquery: vendor boost 1.62.0 and depend on openssl,False,2016-12-29T10:46:15Z
chalasr,[TwigBridge] do not depend on a fixed date in layout tests,False,2017-01-01T12:25:18Z
bors,Improve naming style in rustllvm.,False,2016-12-31T18:39:50Z
SparkQA,[BUILD] Close stale PRs,False,2017-01-01T14:05:51Z
Dmitry1987,Unable to use EBS/GCE PV when AWS/GCE host is registered via another cloud provider,False,2016-06-03T17:51:50Z
bamarni,Use secure mode 600 instead of 644 for acme.json,False,2016-08-22T11:00:43Z
k8s-ci-robot,Add unit test function to test DeletePod,False,2016-12-27T06:07:51Z
sanxiyn,Add sparc64-unknown-netbsd target,False,2016-12-28T18:04:20Z
dt-bot,[service_worker_api] remove fetch API interfaces and add new APIs,False,2017-01-01T14:14:48Z
IamManchanda,"Feature Request: CSS3 Transitions, Animated Input Form on focus",False,2017-01-01T09:15:26Z
vcunat,stdenv setup: disallow references to the build directory,False,2016-12-19T21:47:27Z
mrukas,Debugging babel transpiled code not fully working with node2,False,2016-12-31T12:21:44Z
MikeMcQuaid,osquery: vendor boost 1.62.0 and depend on openssl,False,2016-12-29T10:46:15Z
petrochenkov,Add test for correct span for type,False,2016-12-25T20:51:49Z
bors,Add test for correct span for type,False,2016-12-25T20:51:49Z
bors,Add test for correct span for type,False,2016-12-25T20:51:49Z
asajeffrey,Iframes always load with about:blank in history,False,2016-12-24T23:55:47Z
HyukjinKwon,[SPARK-9487] Use the same num. worker threads in Java/Scala unit tests,False,2016-11-11T00:45:55Z
k8s-merge-robot,ci-kubernetes-e2e-gce-federation-release-1.5: broken test run,False,2016-12-02T06:14:42Z
k8s-merge-robot,ci-kubernetes-e2e-gke-gci-1.4-container_vm-1.5-upgrade-master: broken test run,False,2016-12-09T11:51:24Z
petrochenkov,Test for appropriate span on second custom derive,False,2016-12-25T21:01:04Z
bors,Test for appropriate span on second custom derive,False,2016-12-25T21:01:04Z
petrochenkov,Fix doc for `escape_debug`,False,2016-12-27T03:26:09Z
bors,Fix doc for `escape_debug`,False,2016-12-27T03:26:09Z
ilovezfs,osquery: vendor boost 1.62.0 and depend on openssl,False,2016-12-29T10:46:15Z
bors,Add test for correct span for type,False,2016-12-25T20:51:49Z
bors,Test for appropriate span on second custom derive,False,2016-12-25T21:01:04Z
sanxiyn,Panic when compiling dft library v0.5.3,False,2017-01-01T10:01:37Z
petrochenkov,Use `?` instead of `try!` macro in `print::pprust`,False,2016-12-29T21:59:07Z
bors,Use `?` instead of `try!` macro in `print::pprust`,False,2016-12-29T21:59:07Z
bjornfor,stdenv setup: disallow references to the build directory,False,2016-12-19T21:47:27Z
k8s-ci-robot,"Remove duplicate ""default"" help text",False,2017-01-01T14:29:16Z
k8s-reviewable,"Remove duplicate ""default"" help text",False,2017-01-01T14:29:16Z
mention-bot,dropbox: 16.4.29 -> 16.4.30,False,2017-01-01T14:29:58Z
idiotWu,[service_worker_api] remove fetch API interfaces and add new APIs,False,2017-01-01T14:14:48Z
Mervill,ATV SpaceWalk,False,2016-11-12T20:43:32Z
petrochenkov,Add pretty printing of unions in debuggers,False,2017-01-01T09:35:19Z
bors,Add pretty printing of unions in debuggers,False,2017-01-01T09:35:19Z
stshine,"Flexbox assertion failure on ""Do you want to use HTML Gmail?"" page",False,2017-01-01T14:31:12Z
petrochenkov,Add test for correct span for type,False,2016-12-25T20:51:49Z
nicolas-grekas,[DependencyInjection] Use current class as default class for factory declarations,False,2016-12-15T18:30:36Z
mention-bot,rubber: 1.3 -> 1.4,False,2017-01-01T14:41:06Z
GuilhemN,[Yaml] parse omitted inlined mapping values as null,False,2017-01-01T10:38:09Z
k8s-merge-robot,ci-kubernetes-e2e-gci-gce-reboot-release-1.5: broken test run,False,2016-12-02T19:25:23Z
stshine,"Flexbox assertion failure on ""Do you want to use HTML Gmail?"" page",False,2017-01-01T14:31:12Z
innovationchef,Killed during checkpoint save (v0.8),False,2016-04-15T08:11:37Z
DzmitryShylovich,Browser Memory isn't released when destroying components,False,2016-12-30T20:18:30Z
jdm,Can't use latest gmail,False,2017-01-01T14:29:50Z
joachifm,crane-gps-watch: init at 20160308,False,2016-08-21T01:06:05Z
Mervill,Metastation is missing modular computers.,False,2016-12-28T04:38:21Z
mscdex,"get 'dump ended with error (set phase) => Error: read ECONNRESET' error,",False,2017-01-01T09:34:53Z
dahnny012,Scrolling issues with precision touchpad.,False,2016-12-22T20:33:01Z
k8s-merge-robot,ci-kubernetes-e2e-gce-1.4-1.5-upgrade-cluster-new: broken test run,False,2016-12-09T11:46:55Z
Fishrock123,docs: Update copyright year of licenses,False,2017-01-01T13:20:33Z
jughu,Metastation is missing modular computers.,False,2016-12-28T04:38:21Z
jughu,Metastation is missing modular computers.,False,2016-12-28T04:38:21Z
shepmaster,Rustdoc: No mention of copy trait for primitive types,False,2015-05-30T00:15:56Z
andrewwebber,HTTP2 - configuration,False,2016-10-31T11:35:34Z
andrewwebber,HTTP2 Support,False,2015-12-07T05:04:01Z
jdm,Can't click buttons on gmail login page,False,2016-12-30T00:49:35Z
grahamc,dropbox: 16.4.29 -> 16.4.30,False,2017-01-01T14:29:58Z
bors,Test for appropriate span on second custom derive,False,2016-12-25T21:01:04Z
bors,Use `?` instead of `try!` macro in `print::pprust`,False,2016-12-29T21:59:07Z
steveluscher,Facebook Engineers - Thank You For 2016,False,2016-12-31T02:02:27Z
MienDev,rename index.html will lead that the app is not available,False,2016-12-27T02:51:03Z
k8s-merge-robot,ci-kubernetes-e2e-gke-gci-1.3-gci-1.5-upgrade-cluster: broken test run,False,2016-12-09T11:51:14Z
jdm,Panic while refreshing Gmail login page,False,2017-01-01T15:13:30Z
Tset-Noitamotua,vscode + python virtual environment + mac terminal ,False,2016-12-30T23:15:58Z
joachifm,bge: init at 3.1,False,2016-09-29T09:40:00Z
jdm,Can't click buttons on gmail login page,False,2016-12-30T00:49:35Z
elric-dev,Syning with the upstream.,False,2017-01-01T15:20:07Z
Tyriar,vscode + python virtual environment + mac terminal ,False,2016-12-30T23:15:58Z
RuairiSpain,Update reference document for secret and stack,False,2016-12-30T07:41:55Z
k8s-merge-robot,ci-kubernetes-e2e-gci-gce-reboot-release-1.5: broken test run,False,2016-12-02T19:25:23Z
k8s-merge-robot,ci-kubernetes-e2e-gke-container_vm-1.3-container_vm-1.5-upgrade-cluster: broken test run,False,2016-12-09T11:47:04Z
davidism,How to sovle the error:KeyError: 'socketio'`,False,2017-01-01T09:06:41Z
davidism,How to setup this website?,False,2016-12-30T09:33:53Z
DominoTree,Github sign in button on MDN is too tall,False,2016-12-31T16:46:50Z
k8s-merge-robot,ci-kubernetes-e2e-gce-1.4-1.5-upgrade-master: broken test run,False,2016-12-10T01:25:56Z
SparkQA,[SPARK-18998] [SQL] Add a cbo conf to switch between default statistics and estimated statistics,False,2016-12-26T06:20:30Z
AmplabJenkins,[SPARK-18998] [SQL] Add a cbo conf to switch between default statistics and estimated statistics,False,2016-12-26T06:20:30Z
AmplabJenkins,[SPARK-18998] [SQL] Add a cbo conf to switch between default statistics and estimated statistics,False,2016-12-26T06:20:30Z
bbugh,Hide empty folders after apply file exclusions (user settings),False,2015-11-27T19:32:48Z
Tyriar,Identical file name path in tab is too long and difficult to diff,False,2016-09-14T18:21:11Z
DominoTree,Github sign in button on MDN is too tall,False,2016-12-31T16:46:50Z
martinwicke,wide_n_deep model deal with large dataset got ValueError: GraphDef cannot be larger than 2GB.,False,2016-08-15T06:29:30Z
filipesilva,rename index.html will lead that the app is not available,False,2016-12-27T02:51:03Z
k8s-merge-robot,ci-kubernetes-e2e-gke-gci-1.4-gci-1.5-upgrade-cluster: broken test run,False,2016-12-09T11:51:26Z
k8s-merge-robot,ci-kubernetes-e2e-gke-serial: broken test run,False,2016-12-02T08:48:30Z
sethlivingston,Surround a text/word with special characters,False,2015-12-14T19:43:46Z
ypresto,Optimize child_process IPC for large data,False,2016-12-31T16:58:36Z
0x7CFE,Panic when compiling dft library v0.5.3,False,2017-01-01T10:01:37Z
volth,mercurial regression since 16.09: does not read $out/etc/mercurial/hgrc,False,2017-01-01T14:15:44Z
k8s-merge-robot,ci-kubernetes-e2e-gci-gke-autoscaling: broken test run,False,2016-12-02T23:21:26Z
k8s-merge-robot,ci-kubernetes-e2e-gci-gke-reboot-release-1.5: broken test run,False,2016-12-02T09:27:58Z
HyukjinKwon,[SPARK-18922][TESTS] Fix more path-related test failures on Windows,False,2016-12-25T12:44:15Z
KenanY,prepublishOnly should run on `npm pack`,False,2017-01-01T12:24:14Z
ogizanagi,[DependencyInjection] Use current class as default class for factory declarations,False,2016-12-15T18:30:36Z
iamrohit7,Implement Window.getSelection,False,2016-12-31T16:11:14Z
FezVrasta,prepublishOnly should run on `npm pack`,False,2017-01-01T12:24:14Z
k8s-merge-robot,auth: Change union tests to table driven tests,False,2016-10-13T07:28:28Z
FezVrasta,prepublishOnly should run on `npm pack`,False,2017-01-01T12:24:14Z
Thanaton,DNS property is ignored while creating service via compose file,False,2016-12-24T16:24:40Z
gustogummi,$refs should be reactive to be able to use them in computed properties,False,2016-10-03T22:02:47Z
pivotal-issuemaster,Merge pull request #1 from spring-projects/master,False,2017-01-01T16:11:00Z
KenanY,"When i did npm install command, it producing an error in b/w the installation process",False,2017-01-01T04:15:40Z
mention-bot,nixos: provide /etc/hostname,False,2017-01-01T16:12:23Z
hous04,choice_value: Call to a member function non-object,False,2016-12-31T17:48:26Z
harilalinapp,AOT : Chunk files missing and big size files for lazy loaded files,False,2016-12-27T04:28:32Z
k8s-merge-robot,ci-kubernetes-e2e-gke-container_vm-1.4-gci-1.5-upgrade-cluster: broken test run,False,2016-12-09T11:50:07Z
webia1,Final statement about ngInclude alternative,False,2016-03-14T14:43:56Z
FRidh,mercurial regression since 16.09: does not read $out/etc/mercurial/hgrc,False,2017-01-01T14:15:44Z
SparkQA,[BUILD] Close stale PRs,False,2017-01-01T14:05:51Z
AmplabJenkins,[BUILD] Close stale PRs,False,2017-01-01T14:05:51Z
AmplabJenkins,[BUILD] Close stale PRs,False,2017-01-01T14:05:51Z
mention-bot,xca: qt4 -> qt5,False,2017-01-01T16:20:39Z
simoneb,require loading wrong module inside of a nested app,False,2016-12-23T19:20:28Z
HyukjinKwon,[SPARK-18922][TESTS] Fix more path-related test failures on Windows,False,2016-12-25T12:44:15Z
filipesilva,3 party Plugins not working,False,2016-10-18T10:49:44Z
starsdeep,Apply for GSoC 2017,False,2017-01-01T16:14:25Z
k8s-merge-robot,ci-kubernetes-e2e-gke-container_vm-1.4-gci-1.5-upgrade-master: broken test run,False,2016-12-09T11:50:11Z
offlinehacker,xca: qt4 -> qt5,False,2017-01-01T16:20:39Z
max06,VSCode on Windows 10 + Docker: Wrong build path,False,2017-01-01T13:29:52Z
webia1,Final statement about ngInclude alternative,False,2016-03-14T14:43:56Z
filipesilva,feat(config): use of webpack externals,False,2016-09-16T13:51:21Z
filipesilva,Proposal: Provide a way to add externals to webpack config,False,2016-09-15T16:51:47Z
k8s-merge-robot,ci-kubernetes-e2e-gci-gce-reboot-release-1.5: broken test run,False,2016-12-02T19:25:23Z
rmullins9,Browser Memory isn't released when destroying components,False,2016-12-30T20:18:30Z
gopherbot,jpeg encoding an *image.YCbCr is sub-optimal,False,2017-01-01T16:17:22Z
FRidh,mercurial regression since 16.09: does not read $out/etc/mercurial/hgrc,False,2017-01-01T14:15:44Z
filipesilva,Proposal: Provide a way to add externals to webpack config,False,2016-09-15T16:51:47Z
nicolas-grekas,[DependencyInjection] Use current class as default class for factory declarations,False,2016-12-15T18:30:36Z
asfernandes,Reactive forms are not strongly typed,False,2016-12-30T15:14:52Z
HyukjinKwon,[SPARK-18922][TESTS] Fix more path-related test failures on Windows,False,2016-12-25T12:44:15Z
tbonfort,jpeg encoding an *image.YCbCr is sub-optimal,False,2017-01-01T16:17:22Z
targos,url: fix URL query update if searchParams changes,False,2016-12-28T09:17:30Z
vcunat,stdenv setup: disallow references to the build directory,False,2016-12-19T21:47:27Z
bors,Use `?` instead of `try!` macro in `print::pprust`,False,2016-12-29T21:59:07Z
bors,Add pretty printing of unions in debuggers,False,2017-01-01T09:35:19Z
rezazarchi,Icon Request: fa-aparat,False,2014-12-13T14:28:08Z
k8s-merge-robot,ci-kubernetes-e2e-gke-container_vm-1.3-gci-1.5-upgrade-cluster: broken test run,False,2016-12-09T11:49:59Z
k8s-merge-robot,Adding L4 Ingress proposal,False,2016-05-18T18:19:32Z
openshift-bot,enable hostpath provisioning,False,2016-12-14T17:23:35Z
openshift-bot,enable hostpath provisioning,False,2016-12-14T17:23:35Z
volth,mercurial regression since 16.09: does not read $out/etc/mercurial/hgrc,False,2017-01-01T14:15:44Z
nicerr,Facebook Engineers - Thank You For 2016,False,2016-12-31T02:02:27Z
kstratis,Facebook Engineers - Thank You For 2016,False,2016-12-31T02:02:27Z
FRidh,mercurial regression since 16.09: does not read $out/etc/mercurial/hgrc,False,2017-01-01T14:15:44Z
targos,deps: update V8 to 5.5,False,2016-11-15T16:14:06Z
vcunat,mercurial regression since 16.09: does not read $out/etc/mercurial/hgrc,False,2017-01-01T14:15:44Z
k8s-merge-robot,ci-kubernetes-e2e-gke-container_vm-1.3-container_vm-1.5-upgrade-master: broken test run,False,2016-12-29T05:23:35Z
jinzhuming,怎么在shell 里面使用lantern代理？,False,2016-11-12T08:53:37Z
volth,mercurial regression since 16.09: does not read $out/etc/mercurial/hgrc,False,2017-01-01T14:15:44Z
Tset-Noitamotua,vscode + python virtual environment + mac terminal ,False,2016-12-30T23:15:58Z
notriddle,"Flexbox assertion failure on ""Do you want to use HTML Gmail?"" page",False,2017-01-01T14:31:12Z
jughu,Updates Centcom (and minor updates to other z2 areas),False,2017-01-01T16:40:03Z
k8s-merge-robot,docs: proposals: KV Support for Consul,False,2016-07-05T20:15:33Z
vcunat,mercurial regression since 16.09: does not read $out/etc/mercurial/hgrc,False,2017-01-01T14:15:44Z
Mervill,Papier-Mch Robe spelt wrong,False,2016-12-31T07:23:57Z
djzin,document behavior of collect() for empty iterators,False,2016-12-31T23:07:23Z
volth,mercurial regression since 16.09: does not read $out/etc/mercurial/hgrc,False,2017-01-01T14:15:44Z
mention-bot,Python: script names now include full path,False,2017-01-01T16:59:27Z
targos,deps: update V8 to 5.5,False,2016-11-15T16:14:06Z
FRidh,mercurial regression since 16.09: does not read $out/etc/mercurial/hgrc,False,2017-01-01T14:15:44Z
bennofs,`intero` is broken:  `stack` cannot run `intero` ,False,2016-12-29T11:57:11Z
steveklabnik,Document all features in the reference,False,2016-12-28T00:42:16Z
lvtrvd,Facebook Engineers - Thank You For 2016,False,2016-12-31T02:02:27Z
eilensm,Lint on build + serve,False,2016-10-06T14:32:06Z
cbrewster,Iframes always load with about:blank in history,False,2016-12-24T23:55:47Z
ALTree,cmd/go: go bug fills the issue form without using any newlines,False,2017-01-01T09:30:51Z
mention-bot,garbage lines in mercurial.nix,False,2017-01-01T17:13:08Z
k8s-merge-robot,Updating docs to generate API groups and client sets.,False,2016-08-19T22:32:20Z
saada,Facebook Engineers - Thank You For 2016,False,2016-12-31T02:02:27Z
simoneb,HTTP client returns truncated response,False,2016-12-20T13:21:44Z
evgeni,please include docsite and tests in releases,False,2017-01-01T17:19:37Z
anderspapitto,`intero` is broken:  `stack` cannot run `intero` ,False,2016-12-29T11:57:11Z
bobbyAtSperry,"cifar10_input.py calls tf.strided_slice() with 3 arguments, 4 needed.",False,2016-12-26T23:20:34Z
alexcrichton,Use `?` instead of `try!` macro in `print::pprust`,False,2016-12-29T21:59:07Z
den1k,Facebook Engineers - Thank You For 2016,False,2016-12-31T02:02:27Z
k8s-merge-robot,ci-kubernetes-e2e-gci-gke-reboot-release-1.5: broken test run,False,2016-12-02T09:27:58Z
k8s-merge-robot,ci-kubernetes-e2e-gci-gke-serial: broken test run,False,2016-12-04T05:37:18Z
targos,deps: update V8 to 5.5,False,2016-11-15T16:14:06Z
highfive,Remove duplicate code in mach,False,2017-01-01T17:25:12Z
mention-bot,arbtt service: init,False,2017-01-01T17:27:58Z
asajeffrey,Iframes always load with about:blank in history,False,2016-12-24T23:55:47Z
prampey,Bluetooth maps don't need to store mutable JS values,False,2016-12-20T19:40:40Z
k8s-merge-robot,ci-kubernetes-e2e-gci-gce-reboot-release-1.5: broken test run,False,2016-12-02T19:25:23Z
k8s-merge-robot,ci-kubernetes-e2e-gci-gke-autoscaling: broken test run,False,2016-12-02T23:21:26Z
t0mk,2 modules for Packet host: packet_device and packet_sshkey,False,2016-12-08T20:33:08Z
opennota,cmd/go: go bug fills the issue form without using any newlines,False,2017-01-01T09:30:51Z
nijikon,Speex 1.2,False,2017-01-01T10:12:57Z
cbrewster,Iframes always load with about:blank in history,False,2016-12-24T23:55:47Z
SparkQA,[SPARK-19048] [SQL] Delete Partition Location when Dropping Managed Partitioned Tables in InMemoryCatalog,False,2017-01-01T17:40:38Z
Tyriar,vscode + python virtual environment + mac terminal ,False,2016-12-30T23:15:58Z
Mervill,Lizards who have become zombies speak like zombies but no longer hiss,False,2017-01-01T12:42:47Z
openshift-bot,enable hostpath provisioning,False,2016-12-14T17:23:35Z
evgeni,please include docsite and tests in releases,False,2017-01-01T17:19:37Z
dhananjay92,'go test -coverpkg=./... -race' on the empty package fails on travis CI.,False,2017-01-01T11:02:54Z
bjornfor,arbtt service: init,False,2017-01-01T17:27:58Z
theofidry,Demo app doctrine:fixtures:load,False,2017-01-01T17:55:58Z
bjornfor,arbtt service: init,False,2017-01-01T17:27:58Z
gravis,Secrets not mounted when using a scratch image,False,2016-09-29T20:38:20Z
k8s-merge-robot,ci-kubernetes-e2e-gke-container_vm-1.3-gci-1.5-upgrade-master: broken test run,False,2016-12-09T11:47:20Z
akabiru,Facebook Engineers - Thank You For 2016,False,2016-12-31T02:02:27Z
kenchenaz,Failed to upload schema2 manifest: manifest invalid: manifest invalid,False,2016-10-20T10:02:51Z
Bawhoppen,"Can't kick racks if weakened, resting or lying",False,2017-01-01T18:01:14Z
ttnnkkrr,Demo app doctrine:fixtures:load,False,2017-01-01T17:55:58Z
ttnnkkrr,Demo app doctrine:fixtures:load,False,2017-01-01T17:55:58Z
MikeMcQuaid,pdftoipe: migrate from homebrew/homebrew-head-only,False,2017-01-01T14:46:57Z
MikeMcQuaid,Fix audit errors related to :apr usage,False,2016-12-31T04:55:55Z
brian-brazil,Proposal: Try to reverse lookup dns name if it is IP address.,False,2017-01-01T18:04:32Z
genki,Docker engine swarm api service discovery,False,2016-06-26T06:56:18Z
WJohn,Updates Centcom (and minor updates to other z2 areas),False,2017-01-01T16:40:03Z
k8s-merge-robot,ci-kubernetes-e2e-gke-gci-1.3-container_vm-1.5-upgrade-cluster: broken test run,False,2016-12-09T11:47:07Z
k8s-merge-robot,ci-kubernetes-e2e-gke-reboot-release-1.5: broken test run,False,2016-12-02T06:14:51Z
indiejames,Add API to allow customization of the debug console's input box prompt from code,False,2017-01-01T17:50:02Z
smarterclayton,Implement Noop strategy for workload controllers,False,2017-01-01T04:58:05Z
alexcrichton,Add sparc64-unknown-netbsd target,False,2016-12-28T18:04:20Z
mattnenterprise,Updating http_network_or_cache_fetch to better match the fetch API spec,False,2016-12-30T01:41:28Z
coiax,"Can't kick racks if weakened, resting or lying",False,2017-01-01T18:01:14Z
smarterclayton,Implement export functionality server-side for all resources,False,2016-04-27T09:24:47Z
davecheney,'go test -coverpkg=./... -race' on the empty package fails on travis CI.,False,2017-01-01T11:02:54Z
smarterclayton,WIP - Prototype of initializers,False,2016-11-13T23:45:35Z
xen0n,[WIP] rustbuild: check for final stage properly and so on,False,2017-01-01T08:14:00Z
dt-bot,React:  SyntheticEvent.target.value should be generic on T,False,2017-01-01T18:36:06Z
dhananjay92,'go test -coverpkg=./... -race' on the empty package fails on travis CI.,False,2017-01-01T11:02:54Z
davecheney,'go test -coverpkg=./... -race' on the empty package fails on travis CI.,False,2017-01-01T11:02:54Z
bors,Add pretty printing of unions in debuggers,False,2017-01-01T09:35:19Z
bors,Use `?` instead of `try!` macro in `print::pprust`,False,2016-12-29T21:59:07Z
conormdurkan,Touchpad scrolling doesn't work,False,2016-09-26T14:05:24Z
ypresto,Optimize child_process IPC for large data,False,2016-12-31T16:58:36Z
k8s-merge-robot,ci-kubernetes-e2e-gci-gce-reboot-release-1.5: broken test run,False,2016-12-02T19:25:23Z
k8s-merge-robot,ci-kubernetes-e2e-gke-gci-1.3-container_vm-1.5-upgrade-master: broken test run,False,2016-12-09T11:49:44Z
k8s-merge-robot,[k8s.io] GarbageCollect [Serial] Garbage Collection Test: Many Pods with Many Restarting Containers Should eventually garbage collect containers when we exceed the number of dead containers per container {E2eNode Suite},False,2016-11-16T16:58:49Z
voutasaurus,x/net/http2: ConfigureServer stops Shutdown from sending GOAWAY,False,2016-12-30T01:33:05Z
volth,Python: script names now include full path,False,2017-01-01T16:59:27Z
tuliogomesbarbosa,Allow spring-boot-maven-plugin RepackageMojo to use a source classifer,False,2016-12-15T19:00:19Z
johnnyreilly,React:  SyntheticEvent.target.value should be generic on T,False,2017-01-01T18:36:06Z
sfackler,Cannot silence test runner,False,2017-01-01T18:47:41Z
photostu,Safari is not loading the generated .gz file?,False,2016-12-31T11:03:25Z
sivel,Ansible 2.2 ignores homebrew installed python,False,2016-12-19T10:41:39Z
dhananjay92,'go test -coverpkg=./... -race' on the empty package fails on travis CI.,False,2017-01-01T11:02:54Z
michaelpj,arbtt service: init,False,2017-01-01T17:27:58Z
bjornfor,nixos: provide /etc/hostname,False,2017-01-01T16:12:23Z
Firecage,Indestructible floors now cannot be chasmed by a collapsing tendril.,False,2016-12-29T20:42:49Z
AndreasMadsen,Sparsemax,False,2016-12-18T15:13:22Z
k8s-merge-robot,ci-kubernetes-e2e-gci-gke-autoscaling: broken test run,False,2016-12-02T23:21:26Z
k8s-merge-robot,ci-kubernetes-e2e-gci-gke-reboot: broken test run,False,2016-12-02T06:19:48Z
k8s-merge-robot,ci-kubernetes-e2e-gke-gci-1.3-gci-1.5-upgrade-master: broken test run,False,2016-12-09T11:51:17Z
AnturK,Indestructible turfs are no longer affected by necropolis tendrils or the lava staff,False,2017-01-01T18:58:57Z
PKPenguin321,Changelings aren't getting the DNA from people they absorb,False,2016-11-22T06:16:10Z
daBONDi,Vault Password File is not working with a playbook,False,2015-11-25T18:50:15Z
Tyriar,Figure out what we're going to do with pty.js,False,2016-10-12T19:10:32Z
genki,Proposal: Try to reverse lookup dns name if it is IP address.,False,2017-01-01T18:04:32Z
teosz,Remove duplicate code in mach,False,2017-01-01T17:25:12Z
alexcrichton,rustbuild: check for final stage properly and so on,False,2017-01-01T08:14:00Z
k8s-merge-robot,ci-kubernetes-e2e-gci-gce-reboot-release-1.5: broken test run,False,2016-12-02T19:25:23Z
tinaun,Document all features in the reference,False,2016-12-28T00:42:16Z
snicoll,Allow spring-boot-maven-plugin RepackageMojo to use a source classifer,False,2016-12-15T19:00:19Z
justincormack,"API: Delete container can return 409, but that isn't documented",False,2016-12-30T17:10:54Z
advancedits,tensorflow.python.framework.errors_impl.NotFoundError: logs,False,2017-01-01T09:03:47Z
ShadowDeath6,"Can't kick racks if weakened, resting or lying",False,2017-01-01T18:01:14Z
Phrohdoh,Cannot silence test runner,False,2017-01-01T18:47:41Z
sfackler,Cannot silence test runner,False,2017-01-01T18:47:41Z
SparkQA,[SPARK-19048] [SQL] Delete Partition Location when Dropping Managed Partitioned Tables in InMemoryCatalog,False,2017-01-01T17:40:38Z
cjihrig,test: use const for all require() calls,False,2016-12-30T23:42:04Z
AmplabJenkins,[SPARK-19048] [SQL] Delete Partition Location when Dropping Managed Partitioned Tables in InMemoryCatalog,False,2017-01-01T17:40:38Z
AmplabJenkins,[SPARK-19048] [SQL] Delete Partition Location when Dropping Managed Partitioned Tables in InMemoryCatalog,False,2017-01-01T17:40:38Z
brian-brazil,Proposal: Try to reverse lookup dns name if it is IP address.,False,2017-01-01T18:04:32Z
stiege,getaddrinfo failed: Name or service not known [tcp://redis-slave:6379]',False,2015-09-16T05:34:48Z
mhegazy,rxjs typings outdated,False,2017-01-01T11:48:55Z
matklad,Long delay before exiting after reporting compilation errors in rustc 1.14.0 nightly when RUST_BACKTRACE=1,False,2016-10-29T23:38:13Z
alexcrichton,Add PeekMut::pop,False,2016-12-31T05:20:33Z
alexcrichton,Add PeekMut::pop,False,2016-12-31T05:20:33Z
xen0n,rustbuild: check for final stage properly and so on,False,2017-01-01T08:14:00Z
themre,Facebook Engineers - Thank You For 2016,False,2016-12-31T02:02:27Z
rust-highfive,Fix pre-cfg_attr notation in comment,False,2017-01-01T19:37:24Z
est31,Fix pre-cfg_attr notation in comment,False,2017-01-01T19:37:24Z
bmeurer,Possibly deoptimizing use of `arguments` in libs,False,2016-12-18T15:02:40Z
genki,Proposal: Try to reverse lookup dns name if it is IP address.,False,2017-01-01T18:04:32Z
rahulnever2far,Git status in File Explorer,False,2015-11-19T09:24:13Z
k8s-merge-robot,ci-kubernetes-e2e-gke-container_vm-1.4-container_vm-1.5-upgrade-cluster-new: broken test run,False,2016-12-09T11:47:06Z
bmeurer,Possibly deoptimizing use of `arguments` in libs,False,2016-12-18T15:02:40Z
Toxicable,Reactive forms are not strongly typed,False,2016-12-30T15:14:52Z
pzavolinsky,React:  SyntheticEvent.target.value should be generic on T,False,2017-01-01T18:36:06Z
ChALkeR,RHEL 7.3 installation fails (using official nodesource repo),False,2017-01-01T19:50:18Z
thaJeztah,"API: Delete container can return 409, but that isn't documented",False,2016-12-30T17:10:54Z
mscdex,RHEL 7.3 installation fails (using official nodesource repo),False,2017-01-01T19:50:18Z
wesleylancel,[TwigBundle] Fix bug where namespaced paths don't take parent bundles in account,False,2016-08-10T08:00:18Z
grahamc,nixos: provide /etc/hostname,False,2017-01-01T16:12:23Z
mdo,progress bar animation doesn't work with dev branch,False,2017-01-01T19:43:25Z
williamkapke,doc: redirect 'Start a Working Group' to TSC repo,False,2016-11-17T05:57:27Z
mdo,"Feature Request: CSS3 Transitions, Animated Input Form on focus",False,2017-01-01T09:15:26Z
mdo,"Javascript: Smooth Page Scrolling - Add a ""smooth-scroll"" class ",False,2017-01-01T11:14:53Z
alexcrichton,rustbuild: check for final stage properly and so on,False,2017-01-01T08:14:00Z
mdo,"CSS Drop Caps - Add a ""dropcaps"" class ",False,2017-01-01T08:20:32Z
mdo,Add Chips to Bootstrap 4,False,2017-01-01T06:25:48Z
jkotas,Type forwarding for ValueTuple to CoreCLR,False,2016-12-31T09:41:49Z
zsxwing,[SPARK-19050][SS]Fix EventTimeWatermarkSuite 'delay in months and years handled correctly,False,2017-01-01T19:59:03Z
k8s-merge-robot,ci-kubernetes-e2e-gke-gci-1.4-container_vm-1.5-upgrade-cluster: broken test run,False,2016-12-10T02:08:20Z
k8s-merge-robot,ci-kubernetes-e2e-gci-gke-autoscaling: broken test run,False,2016-12-02T23:21:26Z
minux,Illegal Instruction during early init on Armv7 (xcompiled from darwin/amd64),False,2017-01-01T01:54:50Z
acdlite,Facebook Engineers - Thank You For 2016,False,2016-12-31T02:02:27Z
StudyNick,"comment:  _ ""k8s.io/kubernetes/pkg/cloudprovider/providers"" is not uesd",False,2016-12-31T10:14:32Z
dtschust,Facebook Engineers - Thank You For 2016,False,2016-12-31T02:02:27Z
dmitriiabramov,Facebook Engineers - Thank You For 2016,False,2016-12-31T02:02:27Z
acdlite,ReactDom.mount =  ReactDOM.render Flipped and curried,False,2016-12-29T18:11:10Z
hnrch02,Extend ESLint to cover all JS files and drop JSCS.,False,2016-12-31T05:35:20Z
k8s-merge-robot,ci-kubernetes-e2e-gke-container_vm-1.4-gci-1.5-upgrade-cluster: broken test run,False,2016-12-09T11:50:07Z
Kromgar,Temperature guns ignore most kinds of shielding. So do bolas and banana cream pies,False,2017-01-01T01:12:54Z
ShadowDeath6,Temperature guns ignore most kinds of shielding. So do bolas and banana cream pies,False,2017-01-01T01:12:54Z
camlorn,Update Readme Instructions for 32-bit MinGW Builds,False,2016-12-31T16:57:26Z
jdizzle,Illegal Instruction during early init on Armv7 (xcompiled from darwin/amd64),False,2017-01-01T01:54:50Z
spacekitteh,buildFHSUserEnv: Create a setuid wrapper,False,2016-12-24T05:13:06Z
spacekitteh,buildFHSUserEnv doesn't work for non-root users in grsecurity,False,2016-12-21T02:58:12Z
davecheney,Illegal Instruction during early init on Armv7 (xcompiled from darwin/amd64),False,2017-01-01T01:54:50Z
k8s-merge-robot,ci-kubernetes-e2e-gke-gci-1.4-gci-1.5-upgrade-master: broken test run,False,2016-12-09T11:51:31Z
est31,i128 and u128 support,False,2016-12-20T01:22:45Z
hnrch02,"Tooltip is ""Sticky"" when clicking on nav-links",False,2016-12-31T18:07:49Z
k8s-merge-robot,ci-kubernetes-e2e-gke-container_vm-1.3-container_vm-1.5-upgrade-cluster: broken test run,False,2016-12-09T11:47:04Z
k8s-merge-robot,ci-kubernetes-e2e-kops-aws: broken test run,False,2016-12-02T06:14:40Z
k8s-ci-robot,avoid repeated length calculation and some other code improvements,False,2016-12-13T09:45:17Z
k8s-ci-robot,avoid repeated length calculation and some other code improvements,False,2016-12-13T09:45:17Z
witkamp,PostgREST: 0.3.2 -> HEAD,False,2016-12-03T15:50:44Z
k8s-ci-robot,avoid repeated length calculation and some other code improvements,False,2016-12-13T09:45:17Z
bors,rustbuild: save the save analysis,False,2016-12-31T06:32:44Z
bors,Add a DroplessArena and utilize it as a more efficient arena when possible,False,2016-12-28T14:58:09Z
hnrch02,Modal add events beforeOpen and beforeClose,False,2016-12-30T15:11:02Z
k8s-merge-robot,ci-kubernetes-e2e-gke-container_vm-1.4-gci-1.5-upgrade-master: broken test run,False,2016-12-09T11:50:11Z
k8s-merge-robot,ci-kubernetes-e2e-gke-gci-1.3-gci-1.5-upgrade-cluster: broken test run,False,2016-12-09T11:51:14Z
mention-bot,kcov: 29 -> 32,False,2017-01-01T02:43:52Z
equal-l2,LLVM@3*: import from homebrew/versions,True,2016-12-05T09:33:04Z
XDTM,clickcode + silicons = paper plane folding ???,False,2016-12-28T04:49:57Z
vvakame,CKEditor: add properties in buttonDefinition,False,2016-12-30T13:04:51Z
bardiharborow,Extend ESLint to cover all JS files and drop JSCS.,False,2016-12-31T05:35:20Z
abonander,"Tracking issue for ""Macros 1.1"" (RFC #1681)",False,2016-08-22T16:37:11Z
zhou9197,"When I set 2 data-targets to an toggle-button containing data-toggle=""collapse"", class collapsed cannot be added properly after the button is actived. ",False,2016-12-31T08:47:04Z
k8s-merge-robot,ci-kubernetes-e2e-gce-federation-release-1.5: broken test run,False,2016-12-02T06:14:42Z
Tyriar,Builtin official python support,False,2016-12-31T21:52:15Z
Daniel15,Facebook Engineers - Thank You For 2016,False,2016-12-31T02:02:27Z
dt-bot,[jQuery] Added documentation URLs to JSDoc,False,2017-01-01T02:54:08Z
vvakame,webvr-api: can't compile to es5,False,2017-01-01T01:27:09Z
SparkQA,[SPARK-19041][SS] Fix code snippet compilation issues in Structured Streaming Programming Guide,False,2016-12-31T09:19:01Z
jdizzle,Illegal Instruction during early init on Armv7 (xcompiled from darwin/amd64),False,2017-01-01T01:54:50Z
endquote,webvr-api: can't compile to es5,False,2017-01-01T01:27:09Z
Mark-Simulacrum,rustbuild doesn't clean out enough when recompiling,False,2016-12-31T22:53:01Z
urbanvikingr,Facebook Engineers - Thank You For 2016,False,2016-12-31T02:02:27Z
uraniummeltdown,"You can buy raw TC and then redeem them infinitely, which is still logged for end round",False,2017-01-01T03:21:49Z
mdo,Update more copyright years to 2017,False,2017-01-01T05:34:36Z
Supermichael777,OOC: Brumbpo: your new year's resolution should be nerfing the rapier,False,2017-01-01T19:56:45Z
SparkQA,[SPARK-19050][SS]Fix EventTimeWatermarkSuite 'delay in months and years handled correctly,False,2017-01-01T19:59:03Z
k8s-merge-robot,ci-kubernetes-e2e-gke-container_vm-1.4-container_vm-1.5-upgrade-cluster: broken test run,False,2016-12-09T11:47:05Z
steveklabnik,Question about http://rustbyexample.com/hello/print.html example,False,2017-01-01T19:31:13Z
Johann-S,progress bar animation doesn't work with dev branch,False,2017-01-01T19:43:25Z
Nothing190,osx 10.11 installation issues,False,2015-11-11T11:47:06Z
EronWright,Provide a Maven POM,False,2016-12-27T21:28:06Z
mdo,Add right dropdown menu in navbar like bootstrap 3,False,2017-01-01T19:30:45Z
mention-bot,wireguard: 0.0.20161223 -> 0.0.20161230,False,2017-01-01T20:07:25Z
whitecolor,rxjs typings outdated,False,2017-01-01T11:48:55Z
smarterclayton,Fix node e2e issues on selinux enabled systems,False,2016-06-23T18:19:31Z
xen0n,rustbuild: check for final stage properly and so on,False,2017-01-01T08:14:00Z
k8s-merge-robot,ci-kubernetes-e2e-gke-container_vm-1.4-container_vm-1.5-upgrade-master: broken test run,False,2016-12-09T11:50:04Z
k8s-merge-robot,ci-kubernetes-soak-gce-1.5-test: broken test run,False,2016-12-03T07:33:42Z
wgwz,How to sovle the error:KeyError: 'socketio'`,False,2017-01-01T09:06:41Z
johnnyreilly,React:  SyntheticEvent.target.value should be generic on T,False,2017-01-01T18:36:06Z
DzmitryShylovich,fix(router): process redirects first,False,2016-12-30T12:12:44Z
rust-highfive,Added Default impl to PathBuf,False,2017-01-01T20:16:05Z
roblourens,Debugging babel transpiled code not fully working with node2,False,2016-12-31T12:21:44Z
smarterclayton,Fix node e2e issues on selinux enabled systems,False,2016-06-23T18:19:31Z
PKPenguin321,OOC: Brumbpo: your new year's resolution should be nerfing the rapier,False,2017-01-01T19:56:45Z
kflorence,Document the restriction that unscoped packages can't depend on scoped packages,False,2016-12-23T22:25:40Z
k8s-merge-robot,ci-kubernetes-e2e-gce-1.4-1.5-upgrade-cluster: broken test run,False,2016-12-09T21:47:51Z
typekpb,RHEL 7.3 installation fails (using official nodesource repo),False,2017-01-01T19:50:18Z
ahundt,Feature request: second derivatives for pooling operations,False,2016-12-07T05:45:16Z
k8s-reviewable,Improve TerminationMessagePath to be more flexible,False,2017-01-01T20:29:52Z
ShadowManu,initial support for jade/pug templates,False,2016-09-18T19:48:13Z
k8s-merge-robot,Improve TerminationMessagePath to be more flexible,False,2017-01-01T20:29:52Z
Mic92,nixos: provide /etc/hostname,False,2017-01-01T16:12:23Z
k8s-ci-robot,Improve TerminationMessagePath to be more flexible,False,2017-01-01T20:29:52Z
k8s-ci-robot,Improve TerminationMessagePath to be more flexible,False,2017-01-01T20:29:52Z
k8s-ci-robot,Improve TerminationMessagePath to be more flexible,False,2017-01-01T20:29:52Z
pzavolinsky,React:  SyntheticEvent.target.value should be generic on T,False,2017-01-01T18:36:06Z
AnturK,OOC: Brumbpo: your new year's resolution should be nerfing the rapier,False,2017-01-01T19:56:45Z
rust-highfive,Stop creating fake HIR pattern nodes.,False,2017-01-01T20:38:40Z
k8s-ci-robot,Improve TerminationMessagePath to be more flexible,False,2017-01-01T20:29:52Z
k8s-ci-robot,Improve TerminationMessagePath to be more flexible,False,2017-01-01T20:29:52Z
alexcrichton,rustbuild: fix dist-analysis with full bootstrap disabled,False,2017-01-01T20:19:22Z
bors,rustbuild: fix dist-analysis with full bootstrap disabled,False,2017-01-01T20:19:22Z
jughu,OOC: Brumbpo: your new year's resolution should be nerfing the rapier,False,2017-01-01T19:56:45Z
AnturK,Fix explosion dodging. Tweaks door resistance,False,2016-12-20T20:59:52Z
staticfloat,servus 1.5.0 (new formula),False,2016-12-28T23:24:44Z
k8s-ci-robot,Improve TerminationMessagePath to be more flexible,False,2017-01-01T20:29:52Z
k8s-ci-robot,Improve TerminationMessagePath to be more flexible,False,2017-01-01T20:29:52Z
k8s-ci-robot,Improve TerminationMessagePath to be more flexible,False,2017-01-01T20:29:52Z
k8s-ci-robot,Improve TerminationMessagePath to be more flexible,False,2017-01-01T20:29:52Z
Shadowlight213,Metastation is missing modular computers.,False,2016-12-28T04:38:21Z
AnturK,SSthrowing + callbacks!,False,2016-12-26T11:51:34Z
bors,Use `?` instead of `try!` macro in `print::pprust`,False,2016-12-29T21:59:07Z
bors,rustbuild: fix dist-analysis with full bootstrap disabled,False,2017-01-01T20:19:22Z
k8s-merge-robot,ci-kubernetes-e2e-gci-gke-pre-release: broken test run,False,2016-12-02T22:22:21Z
JonasT,"console.log / console.error are supposedly synchronous, but huge amounts of trailing data can be lost on process.exit",False,2016-07-15T00:26:06Z
k8s-ci-robot,Improve TerminationMessagePath to be more flexible,False,2017-01-01T20:29:52Z
robpike,cmd/go: go get emits an error when given a repository ending with .go,False,2017-01-01T09:18:21Z
diiq,Mark the `before` param of `insert()` as optional,False,2016-12-04T02:28:19Z
bors,#37653 support `default impl` for specialization,False,2016-11-18T16:22:35Z
vcunat,firejail firefox desktop,False,2016-12-25T21:21:11Z
dano0b,"""module_stdout"": ""/usr/bin/python: not found\r\n",False,2017-01-01T08:28:40Z
tweichselbaumer,Can't import FormsModule nor ReactiveFormsModule,False,2016-12-13T16:32:50Z
k8s-merge-robot,ci-kubernetes-e2e-gke-serial: broken test run,False,2016-12-02T08:48:30Z
MarioG-X,Speex 1.2,False,2017-01-01T10:12:57Z
FRidh,mercurial regression since 16.09: does not read $out/etc/mercurial/hgrc,False,2017-01-01T14:15:44Z
k8s-ci-robot,Improve TerminationMessagePath to be more flexible,False,2017-01-01T20:29:52Z
raysmithdev,Facebook Engineers - Thank You For 2016,False,2016-12-31T02:02:27Z
k8s-merge-robot,ci-kubernetes-e2e-gci-gke-serial-release-1.5: broken test run,False,2016-12-02T06:19:31Z
k8s-merge-robot,ci-kubernetes-e2e-gke-gci-1.4-container_vm-1.5-upgrade-master: broken test run,False,2016-12-09T11:51:24Z
r-cheologist,bookdown::word_document2 --> Error: pandoc document conversion failed with error 139,False,2016-12-18T11:34:22Z
orbekk,tpacpi-bat: init at 3.0,False,2016-11-06T12:18:02Z
StdVectorBool,bug(testing) ngOnChanges not called for component initialized via TestComponentBuilder,False,2016-07-07T12:08:22Z
frewsxcv,Add missing example for Thread struct,False,2016-12-22T15:51:27Z
bors,Add missing example for Thread struct,False,2016-12-22T15:51:27Z
tensorflow-jenkins,update license to 2017,False,2017-01-01T21:12:01Z
googlebot,update license to 2017,False,2017-01-01T21:12:01Z
k8s-merge-robot,ci-kubernetes-soak-gce-test: broken test run,False,2016-12-03T00:39:41Z
andy-ms,Mark the `before` param of `insert()` as optional,False,2016-12-04T02:28:19Z
fishercoder1534,update license to 2017,False,2017-01-01T21:12:01Z
srowen,[BUILD] Close stale PRs,False,2017-01-01T14:05:51Z
diiq,Mark the `before` param of `insert()` as optional,False,2016-12-04T02:28:19Z
AnhHT,Facebook Engineers - Thank You For 2016,False,2016-12-31T02:02:27Z
k8s-merge-robot,ci-kubernetes-e2e-gce-1.4-1.5-upgrade-master: broken test run,False,2016-12-10T01:25:56Z
autogun,"kerberos: the specified credentials were rejected by the server, ssl: 401 Unauthorized.",False,2016-09-26T16:11:53Z
zsxwing,[SPARK-19050][SS][Tests]Fix EventTimeWatermarkSuite 'delay in months and years handled correctly',False,2017-01-01T19:59:03Z
Steoghe,CreateContainer Problem on Windows 10 ,False,2016-12-29T02:08:43Z
jcouv,Type forwarding for ValueTuple to CoreCLR,False,2016-12-31T09:41:49Z
dt-bot,"d3-selection: Combine ""insert"" signatures",False,2017-01-01T21:28:11Z
moreaki,Question about http://rustbyexample.com/hello/print.html example,False,2017-01-01T19:31:13Z
dgellow,OpenGL control,False,2016-05-20T20:06:24Z
k8s-merge-robot,ci-kubernetes-e2e-gci-gke-reboot-release-1.5: broken test run,False,2016-12-02T09:27:58Z
gunan,WideNet in examples/learn  throws error on UBUNTU 16.04 LTS,False,2017-01-01T14:26:09Z
GirishBhat,npm install -g  either error nor result,False,2016-12-29T02:18:19Z
k8s-merge-robot,kubelet: eviction: add timestamp to FsStats,False,2016-09-20T20:48:10Z
wolfy1339,Jumbotron example not in sync with github source,False,2017-01-01T21:20:09Z
rigdern,[Android] Why use annotation-processing by default and only with buck (not with gradle)? ,False,2017-01-01T02:33:30Z
jmreicha,ctrl-c to exit not working in PowerShell Terminal,False,2016-07-15T14:37:28Z
DzmitryShylovich,Change detection issue when emitting events from ngOnInit or object construction.,False,2016-11-12T18:27:47Z
DzmitryShylovich,Error lazy-loading module that uses core module.,False,2016-11-11T14:49:51Z
Mic92,astroid: init at 0.6,False,2016-12-31T23:25:42Z
robdukes,Icon Request: Letterboxd,False,2014-06-10T17:51:24Z
tex,firejail firefox desktop,False,2016-12-25T21:21:11Z
bdimcheff,astroid: init at 0.6,False,2016-12-31T23:25:42Z
skanjila,[SPARK-9487] Use the same num. worker threads in Java/Scala unit tests,False,2016-11-11T00:45:55Z
faviomob,Icon Request: fa-fingerprint,False,2014-09-14T17:14:08Z
pskrzyns,Please enable 2-factor auth immediately,False,2016-12-20T23:09:20Z
k8s-merge-robot,ci-kubernetes-e2e-gke-gci-1.3-gci-1.5-upgrade-cluster: broken test run,False,2016-12-09T11:51:14Z
DzmitryShylovich,lazy load Angular 2 modules with the router problem,False,2017-01-01T21:42:06Z
hongchaodeng,Implement Noop strategy for workload controllers,False,2017-01-01T04:58:05Z
miccal,pdftoipe: migrate from homebrew/homebrew-head-only,False,2017-01-01T14:46:57Z
spacekitteh,buildFHSUserEnv: Create a setuid wrapper,False,2016-12-24T05:13:06Z
zecide,lazy load Angular 2 modules with the router problem,False,2017-01-01T21:42:06Z
DzmitryShylovich,lazy load Angular 2 modules with the router problem,False,2017-01-01T21:42:06Z
aguibert,Jumbotron example not in sync with github source,False,2017-01-01T21:20:09Z
k8s-merge-robot,ci-kubernetes-e2e-gke-container_vm-1.3-container_vm-1.5-upgrade-cluster: broken test run,False,2016-12-09T11:47:04Z
AbdoulayeKarimTraore,Facebook Engineers - Thank You For 2016,False,2016-12-31T02:02:27Z
vcunat,firejail firefox desktop,False,2016-12-25T21:21:11Z
mfojtik,Implement Noop strategy for workload controllers,False,2017-01-01T04:58:05Z
bjornfor,nixos: provide /etc/hostname,False,2017-01-01T16:12:23Z
jughu,[S] Removes synth from magic mirror,False,2017-01-01T22:03:07Z
jughu,[S] Removes synth from magic mirror,False,2017-01-01T22:03:07Z
Shadowlight213,[S] Removes synth from magic mirror,False,2017-01-01T22:03:07Z
DzmitryShylovich,Checkbox [ngModel] does not reflect model value when updated in (onModelChange),False,2016-11-23T19:18:42Z
rust-highfive,Some i128 tests,False,2017-01-01T22:09:54Z
aaronbbrown,kubeadm blocks waiting for 'control plane' in Ubuntu Wily,False,2016-09-28T20:41:31Z
est31,Some i128 tests,False,2017-01-01T22:09:54Z
jughu,[S] Removes synth from magic mirror,False,2017-01-01T22:03:07Z
gustavderdrache,"d3-selection: Combine ""insert"" signatures",False,2017-01-01T21:28:11Z
DzmitryShylovich,Unexpected behavior with custom validator class,False,2016-10-20T23:52:01Z
KakolIsSomewhatGay,Icon request: icon-discord,False,2015-09-30T07:41:10Z
tillkruss,Invisible border of input-group in inverse navbar,False,2016-11-08T00:04:59Z
XDTM,Reworks kudzu,False,2017-01-01T22:20:45Z
Incoming5643,A* (astar) problems with windoors,False,2017-01-01T05:19:58Z
RodenLuo,Disqus does not work after adding 'disqus' shortname in _config.yml,False,2014-11-24T21:04:19Z
SparkQA,[SPARK-19050][SS][Tests]Fix EventTimeWatermarkSuite 'delay in months and years handled correctly',False,2017-01-01T19:59:03Z
AmplabJenkins,[SPARK-19050][SS][Tests]Fix EventTimeWatermarkSuite 'delay in months and years handled correctly',False,2017-01-01T19:59:03Z
AmplabJenkins,[SPARK-19050][SS][Tests]Fix EventTimeWatermarkSuite 'delay in months and years handled correctly',False,2017-01-01T19:59:03Z
k8s-merge-robot,ci-kubernetes-e2e-gci-gce-reboot-release-1.5: broken test run,False,2016-12-02T19:25:23Z
k8s-merge-robot,ci-kubernetes-e2e-gci-gke-serial: broken test run,False,2016-12-04T05:37:18Z
lfzCarlosC,textsum decode results,False,2016-09-28T07:28:03Z
weiqingy,[MINOR] Add `sc.stop()`,False,2016-12-28T22:36:57Z
highfive,Remove duplicate code in mach,False,2017-01-01T22:38:31Z
highfive,Remove duplicate code in mach,False,2017-01-01T22:38:31Z
Supermichael777,Removes synth species,False,2017-01-01T22:03:07Z
SparkQA,[MINOR] Add `sc.stop()`,False,2016-12-28T22:36:57Z
k8s-merge-robot,ci-kubernetes-e2e-gke-gci-1.3-container_vm-1.5-upgrade-cluster-new: broken test run,False,2016-12-22T23:34:59Z
k8s-merge-robot,ci-kubernetes-e2e-gke-gci-1.4-container_vm-1.5-upgrade-cluster: broken test run,False,2016-12-10T02:08:20Z
k8s-merge-robot,ci-kubernetes-e2e-gke-gci-1.4-gci-1.5-upgrade-cluster: broken test run,False,2016-12-09T11:51:26Z
k8s-reviewable,Update generated for 2017,False,2017-01-01T22:44:12Z
bors,rustbuild: fix dist-analysis with full bootstrap disabled,False,2017-01-01T20:19:22Z
bors,Add missing example for Thread struct,False,2016-12-22T15:51:27Z
XDTM,"Can't kick racks if weakened, resting or lying",False,2017-01-01T18:01:14Z
XDTM,A* (astar) problems with windoors,False,2017-01-01T05:19:58Z
Jaedson33,Add System.Security.Cryptography.Xml.SignedXml class,False,2015-11-01T09:06:04Z
lzimann,Removes synth species,False,2017-01-01T22:03:07Z
mention-bot,youcompleteme: fix compilation,False,2017-01-01T22:50:58Z
KorPhaeron,Plant pots will leave their offhand in your hand,False,2017-01-01T01:13:40Z
KorPhaeron,Removes synth species,False,2017-01-01T22:03:07Z
k8s-merge-robot,Update generated for 2017,False,2017-01-01T22:44:12Z
Shadowlight213,Removes synth species,False,2017-01-01T22:03:07Z
k8s-merge-robot,ci-kubernetes-e2e-gci-gke-autoscaling: broken test run,False,2016-12-02T23:21:26Z
veprbl,libc++3.7: fix to use with clang 3.9,False,2016-12-31T03:15:00Z
k8s-merge-robot,ci-kubernetes-e2e-gke-gci-1.4-gci-1.5-upgrade-master: broken test run,False,2016-12-09T11:51:31Z
optimumtact,Removes synth species,False,2017-01-01T22:03:07Z
bborgesr,Allow arbitrary UI code in the choices for radio buttons and checkbox group input,False,2016-12-30T23:50:53Z
DanJ210,SQLite3 not supported?,False,2016-12-30T00:52:32Z
xabbuh,UniqueEntity constraint does not prevent UniqueConstraintViolationException,False,2016-11-29T22:55:28Z
LnL7,libc++3.7: fix to use with clang 3.9,False,2016-12-31T03:15:00Z
bborgesr,[WIP] Pesudo-navigation,False,2016-10-28T22:12:21Z
jakeander,Update _config.yml,False,2017-01-01T22:57:39Z
schuchowsky,Facebook Engineers - Thank You For 2016,False,2016-12-31T02:02:27Z
hirochachacha,'go test -coverpkg=./... -race' on the empty package fails on travis CI.,False,2017-01-01T11:02:54Z
zecide,lazy load Angular 2 modules with the router problem,False,2017-01-01T21:42:06Z
jokogr,nixos: provide /etc/hostname,False,2017-01-01T16:12:23Z
roblourens,Non-stop 'variables' requests after logging with variablesReference,False,2017-01-01T23:03:04Z
getvivekv,Service Create -- Environment variable is not setting ,False,2017-01-01T22:55:16Z
DzmitryShylovich,lazy load Angular 2 modules with the router problem,False,2017-01-01T21:42:06Z
k8s-merge-robot,support ThirdPartyResourceData in StrategicMergePatch,False,2016-11-02T08:07:54Z
k8s-ci-robot,Update generated for 2017,False,2017-01-01T22:44:12Z
Zyst,"Add an explorer button in ""Zen Mode""",False,2016-12-03T17:06:22Z
gerane,ctrl-c to exit not working in PowerShell Terminal,False,2016-07-15T14:37:28Z
LnL7,youcompleteme: fix compilation,False,2017-01-01T22:50:58Z
SparkQA,[MINOR] Add `sc.stop()`,False,2016-12-28T22:36:57Z
AmplabJenkins,[MINOR] Add `sc.stop()`,False,2016-12-28T22:36:57Z
AmplabJenkins,[MINOR] Add `sc.stop()`,False,2016-12-28T22:36:57Z
getvivekv,Service Create -- Environment variable is not setting ,False,2017-01-01T22:55:16Z
k8s-merge-robot,ci-kubernetes-e2e-gce-1.4-1.5-upgrade-cluster-new: broken test run,False,2016-12-09T11:46:55Z
k8s-merge-robot,ci-kubernetes-e2e-gci-gce-reboot-release-1.5: broken test run,False,2016-12-02T19:25:23Z
k8s-merge-robot,ci-kubernetes-e2e-gke-container_vm-1.3-container_vm-1.5-upgrade-master: broken test run,False,2016-12-29T05:23:35Z
k8s-merge-robot,ci-kubernetes-e2e-gke-container_vm-1.4-gci-1.5-upgrade-cluster: broken test run,False,2016-12-09T11:50:07Z
est31,Some i128 tests,False,2017-01-01T22:09:54Z
xabbuh,[Form] Fixed DateType format option for single text widget,False,2016-12-27T14:50:27Z
laizhifei,tomcat 8.0.39,False,2016-12-31T12:04:34Z
GunHog,Reworks kudzu,False,2017-01-01T22:20:45Z
aturon,Can create trait objects with self-containing bounds,False,2016-12-25T18:20:27Z
patrickhlauke,Change the bs dropdown trigger to hover for desktop and click for mobile,False,2017-01-01T23:03:36Z
shahen94,Padding/Margin does not work on Text inside another Text,False,2016-12-30T17:29:42Z
andy-ms,[react-intl] bugfix for #12716,False,2016-11-24T15:08:09Z
mrukas,Debugging babel transpiled code not fully working with node2,False,2016-12-31T12:21:44Z
shahen94,ios: Modal to Modal transitions break the UI,False,2016-12-28T18:50:09Z
k8s-merge-robot,ci-kubernetes-e2e-gke-container_vm-1.3-gci-1.5-upgrade-cluster: broken test run,False,2016-12-09T11:49:59Z
k8s-merge-robot,ci-kubernetes-e2e-gke-container_vm-1.4-gci-1.5-upgrade-master: broken test run,False,2016-12-09T11:50:11Z
XDTM,Reworks kudzu,False,2017-01-01T22:20:45Z
shahen94,`onLayout` and `.measure` doesn't work for nested Text components,False,2016-12-28T09:51:24Z
lancezlin,Can't import tensorflow 0.7.1 It thinks I'm importing from source dir.,False,2016-02-23T02:08:02Z
mw-ding,Icon request: icon-douban,False,2013-08-23T08:49:13Z
glennw,Update WR (first phase of z-buffer optimizations / improvements).,False,2017-01-01T23:30:52Z
jcheng5,Allow arbitrary UI code in the choices for radio buttons and checkbox group input,False,2016-12-30T23:50:53Z
wookayin,im2txt error on DecodeJpeg,False,2016-10-30T18:28:59Z
Bunkerbewohner,Added parameters onProgress and onError to TextureLoader.load,False,2016-12-22T20:42:34Z
dt-bot,react: Add link about SyntheticEvent.target,False,2017-01-01T23:32:16Z
evrimoztamur,[css] Setting to hide CSS Color preview boxes,False,2016-08-25T11:48:07Z
andy-ms,React:  SyntheticEvent.target.value should be generic on T,False,2017-01-01T18:36:06Z
jdm,Updating http_network_or_cache_fetch to better match the fetch API spec,False,2016-12-30T01:41:28Z
bors-servo,Updating http_network_or_cache_fetch to better match the fetch API spec,False,2016-12-30T01:41:28Z
bors-servo,Updating http_network_or_cache_fetch to better match the fetch API spec,False,2016-12-30T01:41:28Z
SparkQA,[MINOR] Add `sc.stop()`,False,2016-12-28T22:36:57Z
jdm,Bluetooth maps don't need to store mutable JS values,False,2016-12-20T19:40:40Z
accraze,Fixed #24423 -- Reorganized i18n tag tests.,False,2016-12-22T02:01:41Z
roberthbailey,Extend logging in restore-from-backup script,False,2016-12-21T14:11:45Z
k8s-merge-robot,Extend logging in restore-from-backup script,False,2016-12-21T14:11:45Z
andreykhr, Cannot read property 'kind' of undefined,False,2016-11-29T07:10:04Z
rubit0,Dotnet restore fails: Microsoft.Composition 1.0.27 is not compatible with netcoreapp1.0,False,2016-07-01T03:13:46Z
glennw,Update WR (first phase of z-buffer optimizations / improvements).,False,2017-01-01T23:30:52Z
bors-servo,Update WR (first phase of z-buffer optimizations / improvements).,False,2017-01-01T23:30:52Z
k8s-merge-robot,ci-kubernetes-e2e-gke-container_vm-1.4-gci-1.5-upgrade-cluster-new: broken test run,False,2016-12-09T11:47:07Z
k8s-merge-robot,ci-kubernetes-e2e-gci-gce-reboot-release-1.5: broken test run,False,2016-12-02T19:25:23Z
jughu,Changelings aren't getting the DNA from people they absorb,False,2016-11-22T06:16:10Z
KiChjang,Remove duplicate code in mach,False,2017-01-01T22:38:31Z
mention-bot,pktgen: fix runtime paths,False,2017-01-01T23:46:06Z
k8s-ci-robot,Extend logging in restore-from-backup script,False,2016-12-21T14:11:45Z
andy-ms,Added parameters onProgress and onError to TextureLoader.load,False,2016-12-22T20:42:34Z
smarterclayton,Update generated for 2017,False,2017-01-01T22:44:12Z
lzimann,Replaces the remaining(or most) of the right click verbs on machines with Altclick/Ctrlclick.,False,2017-01-01T23:49:18Z
ChangelingRain,Replaces the remaining(or most) of the right click verbs on machines with Altclick/Ctrlclick.,False,2017-01-01T23:49:18Z
Firecage,Replaces the remaining(or most) of the right click verbs on machines with Altclick/Ctrlclick.,False,2017-01-01T23:49:18Z
aminroosta,Feature request: API for managing folding area,False,2016-07-26T13:50:45Z
lukaszkaiser,Sparsemax,False,2016-12-18T15:13:22Z
bors-servo,Updating http_network_or_cache_fetch to better match the fetch API spec,False,2016-12-30T01:41:28Z
k8s-merge-robot,Test {e2e.go},False,2016-12-13T01:03:17Z
LnL7,libc++3.7: fix to use with clang 3.9,False,2016-12-31T03:15:00Z
veprbl,libc++3.7: fix to use with clang 3.9,False,2016-12-31T03:15:00Z
k8s-merge-robot,Curating Owners: pkg/auth/,False,2016-11-02T23:45:00Z
KenanY,Problem with `npm install` on (Laravel) Homestead,False,2017-01-01T22:59:09Z
Tyriar,vscode + python virtual environment + mac terminal ,False,2016-12-30T23:15:58Z
minux,Illegal Instruction during early init on Armv7 (xcompiled from darwin/amd64),False,2017-01-01T01:54:50Z
legodude17,npm@4 is still too slow ,False,2016-12-31T22:09:12Z
drpngx,Get rid of setdlopen() in tests,False,2016-12-29T22:52:58Z
ramya-rao-a,Intellisense filters,False,2016-12-15T20:58:34Z
brson,Rust nightly internal compiler error with inline assembly,False,2016-12-31T06:28:44Z
aleclarson,[Question] hostParent vs rootNodeID,False,2016-12-31T20:20:06Z
johnqiuwan,"vue props variable name does not support camelCase, undefined returned ",False,2016-12-31T00:54:35Z
k8s-merge-robot,ci-kubernetes-e2e-gce-1.4-1.5-upgrade-master: broken test run,False,2016-12-10T01:25:56Z
k8s-merge-robot,ci-kubernetes-e2e-gci-gke-reboot: broken test run,False,2016-12-02T06:19:48Z
SparkQA,[SPARK-19041][SS] Fix code snippet compilation issues in Structured Streaming Programming Guide,False,2016-12-31T09:19:01Z
MrStonedOne,Fixes sdql2 applying comparison operators to lists incorrectly,False,2017-01-01T03:07:53Z
AmplabJenkins,[SPARK-19041][SS] Fix code snippet compilation issues in Structured Streaming Programming Guide,False,2016-12-31T09:19:01Z
AmplabJenkins,[SPARK-19041][SS] Fix code snippet compilation issues in Structured Streaming Programming Guide,False,2016-12-31T09:19:01Z
hnrch02,getbootstrap.com mixed content,False,2016-12-23T09:44:52Z
Thynix,Documentation for Flask + mod_wsgi + pyvenv + Python 3 doesn't work,False,2016-07-07T12:52:37Z
k8s-ci-robot,exported function StartControllers should have comment,False,2017-01-01T03:17:34Z
Unknwon,500 when creating an issue with image,False,2016-12-30T23:54:53Z
k8s-reviewable,exported function StartControllers should have comment,False,2017-01-01T03:17:34Z
StudyNick,exported function StartControllers should have comment,False,2017-01-01T03:17:34Z
k8s-merge-robot,exported function StartControllers should have comment,False,2017-01-01T03:17:34Z
Jordie0608,Delta Station Fixes + .travis.yml,False,2016-12-31T22:01:33Z
Jakobud,Can no longer expand Array types in Debug console,False,2016-12-30T23:20:52Z
k8s-merge-robot,ci-kubernetes-e2e-gci-gke-serial-release-1.5: broken test run,False,2016-12-02T06:19:31Z
Shadowlight213,"You can buy Raw tc and then refund them infinitely, which is still logged for end round",False,2017-01-01T03:21:49Z
k8s-merge-robot,ci-kubernetes-e2e-gci-gke-autoscaling: broken test run,False,2016-12-02T23:21:26Z
Wafflespeanut,Document more style modules.,False,2016-12-31T14:10:42Z
bors-servo,Document more style modules.,False,2016-12-31T14:10:42Z
davecheney,Illegal Instruction during early init on Armv7 (xcompiled from darwin/amd64),False,2017-01-01T01:54:50Z
SparkQA,[SPARK-18871][SQL] New test cases for IN/NOT IN subquery,False,2016-12-19T07:00:01Z
AmplabJenkins,[SPARK-18871][SQL] New test cases for IN/NOT IN subquery,False,2016-12-19T07:00:01Z
AmplabJenkins,[SPARK-18871][SQL] New test cases for IN/NOT IN subquery,False,2016-12-19T07:00:01Z
k8s-merge-robot,ci-kubernetes-soak-gci-gce-1.5-test: broken test run,False,2016-12-05T10:21:36Z
equal-l2,LLVM@3*: import from homebrew/versions,True,2016-12-05T09:33:04Z
Trott,test: update test-tls-alert-handling.js,False,2016-12-01T17:32:25Z
Daniel15,Facebook Engineers - Thank You For 2016,False,2016-12-31T02:02:27Z
bors-servo,Document more style modules.,False,2016-12-31T14:10:42Z
sanxiyn,Buildbot grammar,False,2016-11-17T10:19:14Z
k8s-merge-robot,ci-kubernetes-e2e-gke-container_vm-1.3-gci-1.5-upgrade-cluster: broken test run,False,2016-12-09T11:49:59Z
andy-ms,Minimist and ES6 `import`,False,2016-10-27T14:14:12Z
RikkiGibson,atom: CompositeDisposable not declared,False,2015-05-29T00:34:06Z
Kromgar,"You can buy Raw tc and then refund them infinitely, which is still logged for end round",False,2017-01-01T03:21:49Z
Kromgar,all mobs at necropolis bridge have no delay between shots,False,2017-01-01T03:40:58Z
sanxiyn,Shrink `token::Lit`'s hash count from usize to u16.,False,2016-11-28T06:23:04Z
dt-bot,added isReady: boolean handler,False,2017-01-01T03:57:16Z
jughu,"You can buy Raw tc and then refund them infinitely, which is still logged for end round",False,2017-01-01T03:21:49Z
Thynix,Documentation for Flask + mod_wsgi + pyvenv + Python 3 doesn't work,False,2016-07-07T12:52:37Z
andy-ms,webvr-api: can't compile to es5,False,2017-01-01T01:27:09Z
jzapantis,AmCharts.isReady type not set,False,2016-12-20T20:26:44Z
andy-ms,where to find jquery typing?,False,2016-12-31T21:21:35Z
hnrch02,Scroll Anchoring affects .collapse elements.,False,2016-12-21T15:03:03Z
jzapantis,added isReady: boolean handler,False,2017-01-01T03:57:16Z
kargakis,How can I rolling update use the restful api ?,False,2016-12-28T02:36:28Z
hnrch02,Requirejs asynchronous loading of bootstrap does not fire window load event,False,2016-12-15T18:14:04Z
endquote,webvr-api: can't compile to es5,False,2017-01-01T01:27:09Z
hnrch02,Requirejs asynchronous loading of bootstrap does not fire window load event,False,2016-12-15T18:14:04Z
k8s-merge-robot,ci-kubernetes-e2e-gke-container_vm-1.3-container_vm-1.5-upgrade-master: broken test run,False,2016-12-29T05:23:35Z
kargakis,Pods not always deleted when deleting an RC when first initializing,False,2016-12-29T18:38:16Z
k8s-merge-robot,WIP - Prototype of initializers,False,2016-11-13T23:45:35Z
tensorflow-jenkins,1% -> 5% in comment,False,2017-01-01T04:15:45Z
googlebot,1% -> 5% in comment,False,2017-01-01T04:15:45Z
mbasilyan,1% -> 5% in comment,False,2017-01-01T04:15:45Z
googlebot,1% -> 5% in comment,False,2017-01-01T04:15:45Z
jmzwcn,"API: Delete container can return 409, but that isn't documented",False,2016-12-30T17:10:54Z
mention-bot,iproute: remove broken fan patch,False,2017-01-01T04:25:55Z
skarya992,npm install -g cordova does not work in ubuntu 16.04?,False,2016-12-31T05:23:50Z
kargakis,Documentation on cli generators,False,2015-11-26T13:28:24Z
kargakis,Status updates should blacklist label updates,False,2016-02-10T16:34:47Z
kargakis,Implement export functionality server-side for all resources,False,2016-04-27T09:24:47Z
kargakis,kubectl attach support for multiple types,False,2016-04-27T11:31:08Z
kargakis,list option in kubectl label/annotate,False,2016-01-19T10:29:00Z
k8s-merge-robot,ci-kubernetes-e2e-gci-gke-pre-release: broken test run,False,2016-12-02T22:22:21Z
k8s-merge-robot,ci-kubernetes-e2e-gci-gke-reboot: broken test run,False,2016-12-02T06:19:48Z
CannedYerins,Improve naming style in rustllvm.,False,2016-12-31T18:39:50Z
renwaiyouren,wide_n_deep model deal with large dataset got ValueError: GraphDef cannot be larger than 2GB.,False,2016-08-15T06:29:30Z
hnrch02,"Dropdowns, links & jQuery v3.1.0",False,2016-12-12T20:46:45Z
DominoTree,Github sign in button on MDN is too tall,False,2016-12-31T16:46:50Z
DominoTree,Inline box's border is rendered incorrectly,False,2016-12-28T02:40:12Z
k8s-merge-robot,ci-kubernetes-e2e-gci-gce-reboot-release-1.5: broken test run,False,2016-12-02T19:25:23Z
k8s-merge-robot,ci-kubernetes-e2e-gke-staging-parallel: broken test run,False,2016-12-02T23:34:41Z
xen0n,rustbuild: save-analysis inadvertently nuked,False,2016-12-31T05:32:27Z
mehernosh,Corrected misplaced closing parenthesis,False,2016-12-31T14:01:49Z
hnrch02,Popover can't be hidden if jquery's element is already .remove()'ed,False,2016-12-11T14:59:58Z
rebornix,Syntax highlight for styles-jsx? ,False,2016-12-30T22:00:27Z
k8s-merge-robot,ci-kubernetes-e2e-gci-gke-autoscaling: broken test run,False,2016-12-02T23:21:26Z
rebornix,UI is broken when changing Terminal font size,False,2016-12-31T08:12:51Z
zakizhou,Thank You TensorFlow Team! ,False,2016-12-31T21:02:40Z
rebornix,Alt+F triggers menu (emacs plugin),False,2016-12-31T13:29:35Z
rebornix,C/C++ for Visual Studio Code won't update.,False,2016-12-31T16:26:17Z
hnrch02,Any way to listen to bootstrap dropdown to mousedown event instead of click/mouseup?,False,2016-12-20T04:40:35Z
rebornix,C/C++ for Visual Studio Code won't update.,False,2016-12-31T16:26:17Z
rebornix,HTML preview size is broken,False,2016-12-31T19:28:10Z
rebornix,HTML preview size is broken,False,2016-12-31T19:28:10Z
roblourens,Debugging babel transpiled code not fully working with node2,False,2016-12-31T12:21:44Z
Incoming5643,Instant summon spell lets you use marked items as any type of mob.,False,2016-12-31T19:56:15Z
k8s-merge-robot,ci-kubernetes-e2e-gci-gke-reboot-release-1.4: broken test run,False,2016-12-02T06:19:48Z
ExcessiveUseOfCobblestone,clickcode + silicons = paper plane folding ???,False,2016-12-28T04:49:57Z
jimmycarry,Facebook Engineers - Thank You For 2016,False,2016-12-31T02:02:27Z
kargakis,Master/node clock skew will affect deployment's pod availability check ,False,2016-07-19T21:17:47Z
rebornix,Move cursor X amount of lines to the top or the bottom,False,2016-12-29T19:51:09Z
kargakis,PodDisruptionBudget maxUnavailable,False,2016-10-13T22:55:20Z
golfer45,all mobs at necropolis bridge have no delay between shots,False,2017-01-01T03:40:58Z
YakumoChen,Sentient EDs can smash down doors,False,2016-12-31T09:55:20Z
k8s-merge-robot,ci-kubernetes-e2e-gke-gci-1.3-container_vm-1.5-upgrade-master: broken test run,False,2016-12-09T11:49:44Z
Incoming5643,"You can buy Raw tc and then refund them infinitely, which is still logged for end round",False,2017-01-01T03:21:49Z
hnrch02,data-title for Tooltip,False,2016-12-05T08:43:10Z
mootezbessifi,"kube-proxy, firewalld issue",False,2016-11-13T05:37:51Z
mscdex,npm start gives many errors,False,2017-01-01T05:19:26Z
mootezbessifi,"Could not push logs to Elasticsearch, resetting connection and trying again. read timeout reached",False,2016-12-29T06:47:43Z
mscdex,Optimize child_process IPC for large data,False,2016-12-31T16:58:36Z
KiChjang,replace match by if let statements if possible,False,2016-12-30T17:30:55Z
bors-servo,replace match by if let statements if possible,False,2016-12-30T17:30:55Z
bors-servo,replace match by if let statements if possible,False,2016-12-30T17:30:55Z
k8s-merge-robot,ci-kubernetes-e2e-gci-gce-reboot-release-1.5: broken test run,False,2016-12-02T19:25:23Z
k8s-merge-robot,ci-kubernetes-e2e-gke-container_vm-1.3-gci-1.5-upgrade-master: broken test run,False,2016-12-09T11:47:20Z
k8s-merge-robot,ci-kubernetes-e2e-gke-serial: broken test run,False,2016-12-02T08:48:30Z
heycam,stylo: update bindings,False,2016-12-30T08:36:05Z
bors-servo,stylo: update bindings,False,2016-12-30T08:36:05Z
ahmedre,"[Android] borderStyle does not work with specific borderWidth (borderBottomWidth, etc).",False,2016-11-21T11:18:49Z
bors,Add a DroplessArena and utilize it as a more efficient arena when possible,False,2016-12-28T14:58:09Z
bors,TrustedLen for Empty and Once.,False,2016-12-30T19:35:28Z
jarshwah,Fixed #26355 -- Added API to register different expressions for operator/field combo.,False,2016-04-03T11:03:25Z
Mic92,nixos/glance: init at liberty version,False,2016-12-27T21:07:35Z
zbraniecki,Can not impl trait from another crate for Vec<T> with T from this crate,False,2015-04-23T21:34:52Z
MYounas,npm start gives many errors,False,2017-01-01T05:19:26Z
k8s-merge-robot,ci-kubernetes-e2e-gke-container_vm-1.4-container_vm-1.5-upgrade-cluster: broken test run,False,2016-12-09T11:47:05Z
k8s-merge-robot,ci-kubernetes-e2e-gke-gci-1.3-container_vm-1.5-upgrade-cluster: broken test run,False,2016-12-09T11:47:07Z
k8s-merge-robot,ci-kubernetes-e2e-gke-gci-1.3-gci-1.5-upgrade-master: broken test run,False,2016-12-09T11:51:17Z
k8s-merge-robot,ci-kubernetes-soak-gce-1.5-test: broken test run,False,2016-12-03T07:33:42Z
sanxiyn,sparc64-linux support,False,2016-12-31T01:51:53Z
bors,sparc64-linux support,False,2016-12-31T01:51:53Z
Trott,tools: update ESLint to current version,False,2017-01-01T06:03:06Z
KiChjang,Inline box's border is rendered incorrectly,False,2016-12-28T02:40:12Z
blackmiaool,Alt+F triggers menu (emacs plugin),False,2016-12-31T13:29:35Z
xxalpha,Fixes sdql2 applying comparison operators to lists incorrectly,False,2017-01-01T03:07:53Z
k8s-merge-robot,ci-kubernetes-soak-gce-test: broken test run,False,2016-12-03T00:39:41Z
peterhoeg,nrpl: init at 20150521,False,2016-12-30T08:33:36Z
HyukjinKwon,[SPARK-19022][TESTS] Fix tests dependent on OS due to different newline characters,False,2016-12-29T09:06:37Z
IvyGongoogle,How to setup this website?,False,2016-12-30T09:33:53Z
amluto,runtime: time: expose monotonic clock source,False,2015-10-13T01:41:23Z
k8s-merge-robot,ci-kubernetes-e2e-gce-1.4-1.5-upgrade-cluster-new: broken test run,False,2016-12-09T11:46:55Z
bors-servo,replace match by if let statements if possible,False,2016-12-30T17:30:55Z
bors-servo,Update helper functions of StyleComplexColor,False,2016-12-29T01:27:29Z
asimshankar,Provide a Maven POM,False,2016-12-27T21:28:06Z
iamrohit7,Implement Window.getSelection,False,2016-12-31T16:11:14Z
MrStonedOne,Fixes sdql2 applying comparison operators to lists incorrectly,False,2017-01-01T03:07:53Z
Okand37,Delta Station Fixes + .travis.yml,False,2016-12-31T22:01:33Z
k8s-merge-robot,ci-kubernetes-e2e-gke-container_vm-1.4-container_vm-1.5-upgrade-master: broken test run,False,2016-12-09T11:50:04Z
k8s-merge-robot,ci-kubernetes-e2e-gci-gke-autoscaling: broken test run,False,2016-12-02T23:21:26Z
k8s-merge-robot,ci-kubernetes-e2e-gke-large-cluster: broken test run,False,2016-12-31T06:21:15Z
liaoarden,runtime: time: expose monotonic clock source,False,2015-10-13T01:41:23Z
AmplabJenkins,[MINOR][TEST] Add `finally` clause for `sc.stop()`,False,2016-12-28T22:36:57Z
AmplabJenkins,[MINOR][TEST] Add `finally` clause for `sc.stop()`,False,2016-12-28T22:36:57Z
nsantacruz,Buggy Hebrew Unicode Characters,False,2016-12-14T22:42:26Z
k8s-merge-robot,ci-kubernetes-e2e-gci-gce-reboot-release-1.5: broken test run,False,2016-12-02T19:25:23Z
Jordie0608,Fixes turret lethal mode not targeting lying/handcuffed/critted humans,False,2016-12-31T13:36:38Z
jdm,Crash when visiting mapillary.com,False,2016-07-29T00:51:16Z
jdm,Crash when visiting mapillary.com,False,2016-07-29T00:51:16Z
jdm,Implement Window.getSelection,False,2016-12-31T16:11:14Z
dongjoon-hyun,[SPARK-18877][SQL] `CSVInferSchema.inferField` on DecimalType should find a common type with `typeSoFar`,False,2016-12-16T22:34:58Z
jdm,Inline box's border is rendered incorrectly,False,2016-12-28T02:40:12Z
jdm,Github sign in button on MDN is too tall,False,2016-12-31T16:46:50Z
Der-Alex,Added pug (former jade) template engine to consolidate typings,False,2016-12-28T19:42:47Z
jdizzle,Illegal Instruction during early init on Armv7 (xcompiled from darwin/amd64),False,2017-01-01T01:54:50Z
k8s-merge-robot,ci-kubernetes-e2e-gce-1.4-1.5-upgrade-cluster: broken test run,False,2016-12-09T21:47:51Z
k8s-merge-robot,ci-kubernetes-e2e-gke-gci-1.3-container_vm-1.5-upgrade-cluster-new: broken test run,False,2016-12-22T23:34:59Z
k8s-merge-robot,ci-kubernetes-e2e-gci-gke-serial: broken test run,False,2016-12-04T05:37:18Z
k8s-merge-robot,ci-kubernetes-e2e-gci-gke-serial-release-1.5: broken test run,False,2016-12-02T06:19:31Z
nijikon,antlr 4.6,False,2017-01-01T03:22:19Z
SparkQA,[SPARK-18857][SQL] Don't use `Iterator.duplicate` for `incrementalCollect` in Thrift Server,False,2016-12-30T12:55:54Z
SparkQA,[MINOR][TEST] Add `finally` clause for `sc.stop()`,False,2016-12-28T22:36:57Z
dongjoon-hyun,Remove query string from jar url for executor,False,2016-12-31T13:02:34Z
davecheney,Illegal Instruction during early init on Armv7 (xcompiled from darwin/amd64),False,2017-01-01T01:54:50Z
k8s-merge-robot,ci-kubernetes-soak-gke-gci-test: broken test run,False,2016-12-04T13:29:51Z
riverar,Can no longer expand Array types in Debug console,False,2016-12-30T23:20:52Z
est31,change of libcompiler_builtins/lib.rs code doesn't retrigger a full rebuild anymore,False,2016-12-31T16:57:43Z
DirkyJerky,i128 and u128 support,False,2016-12-20T01:22:45Z
terrytangyuan,keep_checkpoint_every_n_hours is ignored,False,2016-12-29T02:08:06Z
DirkyJerky,[WIP] Bump allocator for rustc,False,2016-12-31T00:28:30Z
k8s-merge-robot,ci-kubernetes-e2e-gci-gce-reboot-release-1.5: broken test run,False,2016-12-02T19:25:23Z
bors-servo,Update helper functions of StyleComplexColor,False,2016-12-29T01:27:29Z
bors-servo,stylo: update bindings,False,2016-12-30T08:36:05Z
bors-servo,stylo: update bindings,False,2016-12-30T08:36:05Z
SparkQA,[SPARK-18857][SQL] Don't use `Iterator.duplicate` for `incrementalCollect` in Thrift Server,False,2016-12-30T12:55:54Z
AmplabJenkins,[SPARK-18857][SQL] Don't use `Iterator.duplicate` for `incrementalCollect` in Thrift Server,False,2016-12-30T12:55:54Z
AmplabJenkins,[SPARK-18857][SQL] Don't use `Iterator.duplicate` for `incrementalCollect` in Thrift Server,False,2016-12-30T12:55:54Z
k8s-merge-robot,ci-kubernetes-e2e-gke-gci-1.4-container_vm-1.5-upgrade-master: broken test run,False,2016-12-09T11:51:24Z
ShinyLeee,Facebook Engineers - Thank You For 2016,False,2016-12-31T02:02:27Z
whitequark,calling convention for MSP430 interrupts,False,2016-12-19T04:51:37Z
bors,TrustedLen for Empty and Once.,False,2016-12-30T19:35:28Z
bors,sparc64-linux support,False,2016-12-31T01:51:53Z
bors,sparc64-linux support,False,2016-12-31T01:51:53Z
bors,Add links to methods on all slice iterator struct docs,False,2016-12-30T19:15:12Z
Jordie0608,Wrenching an emitter down doesn't change its state var,False,2017-01-01T07:34:35Z
nagisa,calling convention for MSP430 interrupts,False,2016-12-19T04:51:37Z
Mic92,docker: update service units from upstream,False,2016-12-21T00:55:21Z
Mic92,borgbackup: cleanup inputs,False,2016-12-31T21:00:34Z
whitequark,calling convention for MSP430 interrupts,False,2016-12-19T04:51:37Z
Mic92,awscli: 1.11.10 -> 1.11.27,False,2016-12-08T15:43:08Z
pftbest,calling convention for MSP430 interrupts,False,2016-12-19T04:51:37Z
sanxiyn,sparc64-linux support,False,2016-12-31T01:51:53Z
vcunat,nixos-17.03 (unstable): ${package}/etc does not appear in /etc,False,2016-12-31T22:17:15Z
pftbest,calling convention for MSP430 interrupts,False,2016-12-19T04:51:37Z
vcunat,nixos-17.03 (unstable): ${package}/etc does not appear in /etc,False,2016-12-31T22:17:15Z
vikiev,"""module_stdout"": ""/usr/bin/python: not found\r\n",False,2017-01-01T08:28:40Z
k8s-merge-robot,ci-kubernetes-e2e-gci-gke-autoscaling: broken test run,False,2016-12-02T23:21:26Z
ericsagnes,docker: update service units from upstream,False,2016-12-21T00:55:21Z
k8s-merge-robot,ci-kubernetes-e2e-gke-gci-1.4-gci-1.5-upgrade-cluster: broken test run,False,2016-12-09T11:51:26Z
cquanu,"CSS Drop Caps - Add a ""dropcaps"" class ",False,2017-01-01T08:20:32Z
sanxiyn,leak sanitizer support,False,2016-12-30T04:30:11Z
k8s-merge-robot,ci-kubernetes-e2e-gke-gci-1.4-container_vm-1.5-upgrade-cluster: broken test run,False,2016-12-10T02:08:20Z
IamManchanda,"CSS Drop Caps - Add a ""dropcaps"" class ",False,2017-01-01T08:20:32Z
agatlin,No drag and drop text support in editor?,False,2016-01-26T07:10:42Z
agatlin,Support to drag and drop selected text,False,2015-12-06T02:21:32Z
k8s-merge-robot,ci-kubernetes-e2e-gke-container_vm-1.4-gci-1.5-upgrade-cluster: broken test run,False,2016-12-09T11:50:07Z
k8s-merge-robot,ci-kubernetes-e2e-gke-gci-1.3-gci-1.5-upgrade-cluster: broken test run,False,2016-12-09T11:51:14Z
snicoll,"SpringApplication.run() kills my logging (but only mine, not Spring’s)",False,2017-01-01T05:27:55Z
SparkQA,[MINOR] Add `sc.stop()`,False,2016-12-28T22:36:57Z
AmplabJenkins,[MINOR] Add `sc.stop()`,False,2016-12-28T22:36:57Z
AmplabJenkins,[MINOR] Add `sc.stop()`,False,2016-12-28T22:36:57Z
Studio384,v4: Rip out IE compatibility mode meta tags,True,2016-12-31T09:17:41Z
mrmlnc,Zen Coding Command Outputting Extra Closing Tag,False,2017-01-01T09:13:48Z
volth,nixos-17.03 (unstable): ${package}/etc does not appear in /etc,False,2016-12-31T22:17:15Z
k8s-merge-robot,ci-kubernetes-e2e-gce-1.4-1.5-upgrade-master: broken test run,False,2016-12-10T01:25:56Z
k8s-merge-robot,ci-kubernetes-e2e-gke-gci-1.4-gci-1.5-upgrade-master: broken test run,False,2016-12-09T11:51:31Z
petrochenkov,`break` without labels should be hygienic,False,2016-12-28T22:13:34Z
DonJayamanne,SQLite3 not supported?,False,2016-12-30T00:52:32Z
ImranAhmed,Zen Coding Command Outputting Extra Closing Tag,False,2017-01-01T09:13:48Z
ilovezfs,Boost157.rb support request,False,2017-01-01T08:30:04Z
rxin,[SPARK-19027][SQL] estimate size of object buffer for object hash aggregate,False,2016-12-29T16:12:38Z
petrochenkov,Improve naming style in rustllvm.,False,2016-12-31T18:39:50Z
bors,Improve naming style in rustllvm.,False,2016-12-31T18:39:50Z
k8s-merge-robot,ci-kubernetes-e2e-gke-container_vm-1.3-gci-1.5-upgrade-cluster-new: broken test run,False,2016-12-09T11:47:04Z
k8s-merge-robot,ci-kubernetes-e2e-gke-container_vm-1.4-gci-1.5-upgrade-master: broken test run,False,2016-12-09T11:50:11Z
RamanCool,Basic HTML includes with simple javascript library for bootstrap 4 ,False,2017-01-01T06:54:03Z
gundalow,[WARNING]: Exception in safe_eval() on expr,False,2016-11-25T12:43:23Z
rust-highfive,Add pretty printing of unions in debuggers,False,2017-01-01T09:35:19Z
vcunat,nixos-17.03 (unstable): ${package}/etc does not appear in /etc,False,2016-12-31T22:17:15Z
yogiGueta,driver name: if driver is specified name is required,False,2016-11-17T02:20:29Z
k8s-merge-robot,Clarify Docker compatibility message with differentiation between API and runtime versions,False,2016-09-05T13:54:18Z
volth,nixos-17.03 (unstable): ${package}/etc does not appear in /etc,False,2016-12-31T22:17:15Z
bors,sparc64-linux support,False,2016-12-31T01:51:53Z
